Screen,Depth,Tag,ID,Drawable,Background,Text,Include,Visibility,TextSize,TextStyle,TextColor,IndentedTag
activity_main,0,DrawerLayout,drawer_layout,,,,,visible,,,,DrawerLayout
activity_main,1,ConstraintLayout,container,,,,,visible,,,,  ConstraintLayout
activity_main,2,ConstraintLayout,constraintLayout2,,standard_background,,,visible,,,,    ConstraintLayout
activity_main,3,include,money,,,,layout_money,visible,,,,      include
activity_main,2,ConstraintLayout,containerTooltips,,,,,visible,,,,    ConstraintLayout
activity_main,3,ImageView,king_message,king_message,object_border_dim_white,,,visible,,,,      ImageView
activity_main,3,ImageView,merchant,merchant,object_border_dim_white,,,visible,,,,      ImageView
activity_main,3,ImageView,quests,quest_marker,object_border_dim_white,,,visible,,,,      ImageView
activity_main,3,ImageView,new_items,brass_circle,,,,visible,,,,      ImageView
activity_main,3,ImageView,shop,shop,object_border_dim_white,,,visible,,,,      ImageView
activity_main,3,ImageView,ad,advertisement,object_border_dim_white,,,visible,,,,      ImageView
activity_main,3,ImageView,adfree,advertisement,object_border_dim_white,,,visible,,,,      ImageView
activity_main,3,ImageView,quests_notification,brass_circle,,,,visible,,,,      ImageView
activity_main,2,ConstraintLayout,containerTutorial,,,,,visible,,,,    ConstraintLayout
activity_main,3,TextView,tutorial_body,,,,,visible,16sp,,,      TextView
activity_main,3,TextView,tutorial_title,,,tutorial_title,,visible,,bold,,      TextView
activity_main,3,ImageView,tutorial_icon,tutorial_icon,object_border_brass,,,visible,,,,      ImageView
activity_main,3,TextView,tutorial_step,,,,,visible,,bold,brass_border,      TextView
activity_main,2,ConstraintLayout,constraintLayout,,standard_background,,,visible,,,,    ConstraintLayout
activity_main,3,ImageView,menu_button,vector_menu,,,,visible,,,,      ImageView
activity_main,3,TextView,fragment_name,,,,,visible,20sp,bold,,      TextView
activity_main,3,ConstraintLayout,container_gems,,object_border_dim_white,,,visible,,,,      ConstraintLayout
activity_main,4,TextView,amount_gems,,,24,,visible,16sp,bold,,        TextView
activity_main,4,ImageView,image_gems,gem,,,,visible,,,,        ImageView
activity_main,2,bottomnavigation.BottomNavigationView,nav_view,,lower_drawer_body,,,visible,,,,    bottomnavigation.BottomNavigationView
activity_main,2,ViewPager2,pager,,,,,visible,,,,    ViewPager2
activity_main,1,navigation.NavigationView,nav_view_drawer,,lower_drawer_body,,,visible,,,,  navigation.NavigationView
custom_dialog,0,RelativeLayout,,,,,,visible,,,,RelativeLayout
custom_dialog,1,Button,dialog_button,,, Ok ,,visible,,,,  Button
dialog_bestiary,0,ConstraintLayout,,,,,,visible,,,,ConstraintLayout
dialog_bestiary,1,TextView,close,,,close,,visible,,bold,dim_white,  TextView
dialog_bestiary,1,ListView,dungeons_bestiary_list,,,,,visible,,,,  ListView
dialog_bestiary,1,ListView,raids_bestiary_list,,,,,visible,,,,  ListView
dialog_bestiary,1,RadioGroup,radioGroup,,,,,visible,,,,  RadioGroup
dialog_bestiary,2,RadioButton,radiobutton_dungeons,,,fragment_name_dungeons,,visible,,bold,,    RadioButton
dialog_bestiary,2,RadioButton,radiobutton_raids,,,fragment_name_raids,,visible,,bold,,    RadioButton
dialog_buy_from_merchant,0,ConstraintLayout,,,,,,visible,,,,ConstraintLayout
dialog_buy_from_merchant,1,TextView,confirm_text,,,,,visible,,,,  TextView
dialog_buy_from_merchant,1,TextView,cancel,,,cancel,,visible,,bold,,  TextView
dialog_buy_from_merchant,1,ConstraintLayout,price_container,,,,,visible,,,,  ConstraintLayout
dialog_buy_from_merchant,2,ConstraintLayout,container_money,,object_border_dim_white,,,visible,,,,    ConstraintLayout
dialog_buy_from_merchant,3,include,amount_money,,,,layout_money,visible,,,,      include
dialog_buy_from_merchant,2,ConstraintLayout,container_gems,,object_border_brass,,,visible,,,,    ConstraintLayout
dialog_buy_from_merchant,3,TextView,amount_gems,,,,,visible,16sp,bold,,      TextView
dialog_buy_from_merchant,3,ImageView,image_gems,gem,,,,visible,,,,      ImageView
dialog_buy_from_merchant,1,TextView,error,,,,,visible,14sp,bold,,  TextView
dialog_buy_from_merchant,1,TextView,shop,,,drawer_shop_title,,visible,,bold,brass_border,  TextView
dialog_change_trait_rare,0,ConstraintLayout,,,,,,visible,,,,ConstraintLayout
dialog_change_trait_rare,1,include,current,,,,layout_trait,visible,,,,  include
dialog_change_trait_rare,1,androidx.core.widget.NestedScrollView,scrollView,,object_border_no_background,,,visible,,,,  androidx.core.widget.NestedScrollView
dialog_change_trait_rare,2,LinearLayout,list,,,,,visible,,,,    LinearLayout
dialog_change_trait_rare,1,TextView,close,,,close,,visible,,bold,dim_white,  TextView
dialog_choose_adventurer,0,ConstraintLayout,,,,,,visible,,,,ConstraintLayout
dialog_choose_adventurer,1,androidx.core.widget.NestedScrollView,scrollView,,object_border_no_background,,,visible,,,,  androidx.core.widget.NestedScrollView
dialog_choose_adventurer,2,LinearLayout,list,,,,,visible,,,,    LinearLayout
dialog_choose_adventurer,1,TextView,close,,,close,,visible,,bold,dim_white,  TextView
dialog_choose_adventurer,1,TextView,no_adventurers,,,select_adventurer_empty,,visible,,italic|bold,,  TextView
dialog_choose_doctrine,0,ConstraintLayout,,,,,,visible,,,,ConstraintLayout
dialog_choose_doctrine,1,TextView,close,,,close,,visible,,bold,dim_white,  TextView
dialog_choose_doctrine,1,ListView,doctrine_list,,,,,visible,,,,  ListView
dialog_choose_pet,0,ConstraintLayout,,,,,,visible,,,,ConstraintLayout
dialog_choose_pet,1,GridView,pets_grid,,object_border_no_background,,,visible,,,,  GridView
dialog_choose_pet,1,TextView,close,,,close,,visible,,bold,dim_white,  TextView
dialog_choose_pet,1,TextView,no_pets,,,select_pet_empty,,visible,,italic|bold,,  TextView
dialog_collect_drops,0,ConstraintLayout,,,,,,visible,,,,ConstraintLayout
dialog_collect_drops,1,TextView,close,,,close,,visible,,bold,,  TextView
dialog_collect_drops,1,TextView,report,,,report,,visible,,bold,brass_border,  TextView
dialog_collect_drops,1,GridView,item_grid,,,,,visible,,,,  GridView
dialog_consume_evo23,0,ConstraintLayout,,,,,,visible,,,,ConstraintLayout
dialog_consume_evo23,1,androidx.core.widget.NestedScrollView,scrollView,,object_border_no_background,,,visible,,,,  androidx.core.widget.NestedScrollView
dialog_consume_evo23,2,LinearLayout,list,,,,,visible,,,,    LinearLayout
dialog_consume_evo23,1,TextView,close,,,close,,visible,,bold,dim_white,  TextView
dialog_consume_food,0,ConstraintLayout,,,,,,visible,,,,ConstraintLayout
dialog_consume_food,1,androidx.core.widget.NestedScrollView,scrollView,,object_border_no_background,,,visible,,,,  androidx.core.widget.NestedScrollView
dialog_consume_food,2,LinearLayout,list,,,,,visible,,,,    LinearLayout
dialog_consume_food,1,TextView,close,,,close,,visible,,bold,dim_white,  TextView
dialog_consume_food,1,TextView,empty_list,,,drawer_consume_food_empty_list,,visible,,italic|bold,,  TextView
dialog_consume_food,1,ConstraintLayout,selected_container,,object_border_dim_white,,,visible,,,,  ConstraintLayout
dialog_consume_food,2,include,food_selected,,,,layout_item_big,visible,,,,    include
dialog_consume_food,1,CheckBox,feed_all,,,drawer_consume_food_feed_all,,visible,,,,  CheckBox
dialog_consume_intercession,0,ConstraintLayout,,,,,,visible,,,,ConstraintLayout
dialog_consume_intercession,1,androidx.core.widget.NestedScrollView,scrollView,,object_border_no_background,,,visible,,,,  androidx.core.widget.NestedScrollView
dialog_consume_intercession,2,LinearLayout,list,,,,,visible,,,,    LinearLayout
dialog_consume_intercession,1,TextView,close,,,close,,visible,,bold,dim_white,  TextView
dialog_consume_potion,0,ConstraintLayout,,,,,,visible,,,,ConstraintLayout
dialog_consume_potion,1,androidx.core.widget.NestedScrollView,scrollView,,object_border_no_background,,,visible,,,,  androidx.core.widget.NestedScrollView
dialog_consume_potion,2,LinearLayout,list,,,,,visible,,,,    LinearLayout
dialog_consume_potion,1,TextView,close,,,close,,visible,,bold,dim_white,  TextView
dialog_consume_potion,1,TextView,empty_list,,,drawer_consume_potion_empty_list,,visible,,italic|bold,,  TextView
dialog_consume_potion,1,ConstraintLayout,selected_container,,object_border_dim_white,,,visible,,,,  ConstraintLayout
dialog_consume_potion,2,include,potion_selected,,,,layout_item_big,visible,,,,    include
dialog_consume_potion_of_clumsiness,0,ConstraintLayout,,,,,,visible,,,,ConstraintLayout
dialog_consume_potion_of_clumsiness,1,androidx.core.widget.NestedScrollView,scrollView,,object_border_no_background,,,visible,,,,  androidx.core.widget.NestedScrollView
dialog_consume_potion_of_clumsiness,2,LinearLayout,list,,,,,visible,,,,    LinearLayout
dialog_consume_potion_of_clumsiness,1,TextView,close,,,close,,visible,,bold,dim_white,  TextView
dialog_consume_potion_of_rejuvenation,0,ConstraintLayout,,,,,,visible,,,,ConstraintLayout
dialog_consume_potion_of_rejuvenation,1,androidx.core.widget.NestedScrollView,scrollView,,object_border_no_background,,,visible,,,,  androidx.core.widget.NestedScrollView
dialog_consume_potion_of_rejuvenation,2,LinearLayout,list,,,,,visible,,,,    LinearLayout
dialog_consume_potion_of_rejuvenation,1,TextView,close,,,close,,visible,,bold,dim_white,  TextView
dialog_craft,0,ConstraintLayout,,,,,,visible,,,,ConstraintLayout
dialog_craft,1,TextView,close,,,close,,visible,,bold,,  TextView
dialog_craft,1,ConstraintLayout,constraintLayout5,,,,,visible,,,,  ConstraintLayout
dialog_craft,2,ConstraintLayout,constraintLayout4,,,,,visible,,,,    ConstraintLayout
dialog_craft,3,include,builds_from,,,,layout_craft_big,visible,,,,      include
dialog_craft,1,TextView,craft,,,craft,,visible,,bold,brass_border,  TextView
dialog_craft,1,TextView,time,,object_border_dim_white,,,visible,,,,  TextView
dialog_craft,1,ConstraintLayout,craftPanel,,,,,visible,,,,  ConstraintLayout
dialog_craft,2,ImageView,button_minus,sign_minus,object_border_dim_white,,,visible,,,,    ImageView
dialog_craft,2,ImageView,button_plus,sign_plus,object_border_dim_white,,,visible,,,,    ImageView
dialog_craft,2,SeekBar,seekBar,,,,,visible,,,,    SeekBar
dialog_craft,2,TextView,number,,object_border_dim_white,,,visible,,,,    TextView
dialog_craft,1,TextView,warning_no_ingredients,,,crafting_no_ingredients,,visible,,bold,,  TextView
dialog_craft,1,TextView,warning_full_queue,,,crafting_no_slots,,visible,,bold,,  TextView
dialog_doctrine,0,ConstraintLayout,,,,,,visible,,,,ConstraintLayout
dialog_doctrine,1,TextView,reset,,,dialog_doctrine_change,,visible,,bold,dim_white,  TextView
dialog_doctrine,1,TextView,choose,,,dialog_doctrine_choose,,visible,,bold,brass_filler,  TextView
dialog_doctrine,1,TextView,close,,,close,,visible,,bold,dim_white,  TextView
dialog_doctrine,1,LinearLayout,abilities_row_1,,,,,visible,,,,  LinearLayout
dialog_doctrine,1,LinearLayout,abilities_row_2,,,,,visible,,,,  LinearLayout
dialog_doctrine,1,LinearLayout,abilities_row_3,,,,,visible,,,,  LinearLayout
dialog_doctrine,1,ConstraintLayout,container_description,,object_border_no_background,,,visible,,,,  ConstraintLayout
dialog_doctrine,2,TextView,name,,,,,visible,,bold,,    TextView
dialog_doctrine,2,TextView,cost,,,,,visible,,bold,,    TextView
dialog_doctrine,2,TextView,description,,,,,visible,,,,    TextView
dialog_doctrine,1,TextView,loyalty_points,,,,,visible,,bold,,  TextView
dialog_doctrine,1,ConstraintLayout,container_buttons,,,,,visible,,,,  ConstraintLayout
dialog_doctrine,2,View,view14,,,,,visible,,,,    View
dialog_doctrine,2,ImageView,plus,sign_plus,object_border_dim_white,,,visible,,,,    ImageView
dialog_doctrine,2,ImageView,minus,sign_minus,object_border_dim_white,,,visible,,,,    ImageView
dialog_doctrine,1,TextView,lp_from_quests,,,,,visible,11sp,,,  TextView
dialog_doctrine_reset,0,ConstraintLayout,,,,,,visible,,,,ConstraintLayout
dialog_doctrine_reset,1,ConstraintLayout,container_gems,,object_border_brass,,,visible,,,,  ConstraintLayout
dialog_doctrine_reset,2,TextView,amount_gems,,,dialog_doctrine_confirm_reset_50_gems,,visible,16sp,bold,brass_filler,    TextView
dialog_doctrine_reset,2,ImageView,image_gems,gem,,,,visible,,,,    ImageView
dialog_doctrine_reset,1,TextView,close,,,close,,visible,,bold,dim_white,  TextView
dialog_doctrine_reset,1,TextView,body,,,,,visible,,,,  TextView
dialog_doctrine_reset,1,TextView,error_no_gems,,,error_not_enough_gems,,visible,,,,  TextView
dialog_dungeon_detail,0,ConstraintLayout,,,,,,visible,,,,ConstraintLayout
dialog_dungeon_detail,1,ConstraintLayout,container_fight,,object_border_no_background,,,visible,,,,  ConstraintLayout
dialog_dungeon_detail,2,imageview.ShapeableImageView,imageView,test_area_image_detail_forest,,,,visible,,,,    imageview.ShapeableImageView
dialog_dungeon_detail,2,ConstraintLayout,container_adventurers,,,,,visible,,,,    ConstraintLayout
dialog_dungeon_detail,3,include,adventurer1,,,,layout_entity_fighting,visible,,,,      include
dialog_dungeon_detail,3,include,adventurer2,,,,layout_entity_fighting,visible,,,,      include
dialog_dungeon_detail,3,include,adventurer3,,,,layout_entity_fighting,visible,,,,      include
dialog_dungeon_detail,3,include,adventurer4,,,,layout_entity_fighting,visible,,,,      include
dialog_dungeon_detail,3,include,adventurer5,,,,layout_entity_fighting,visible,,,,      include
dialog_dungeon_detail,2,ConstraintLayout,container_adventurers_extra,,,,,visible,,,,    ConstraintLayout
dialog_dungeon_detail,3,include,adventurer6,,,,layout_entity_fighting,visible,,,,      include
dialog_dungeon_detail,3,include,adventurer8,,,,layout_entity_fighting,visible,,,,      include
dialog_dungeon_detail,3,include,adventurer7,,,,layout_entity_fighting,visible,,,,      include
dialog_dungeon_detail,3,include,adventurer9,,,,layout_entity_fighting,visible,,,,      include
dialog_dungeon_detail,3,include,adventurer10,,,,layout_entity_fighting,visible,,,,      include
dialog_dungeon_detail,2,ConstraintLayout,container_adventurers_extra_2,,,,,visible,,,,    ConstraintLayout
dialog_dungeon_detail,3,include,adventurer11,,,,layout_entity_fighting,visible,,,,      include
dialog_dungeon_detail,3,include,adventurer12,,,,layout_entity_fighting,visible,,,,      include
dialog_dungeon_detail,3,include,adventurer13,,,,layout_entity_fighting,visible,,,,      include
dialog_dungeon_detail,3,include,adventurer14,,,,layout_entity_fighting,visible,,,,      include
dialog_dungeon_detail,3,include,adventurer15,,,,layout_entity_fighting,visible,,,,      include
dialog_dungeon_detail,2,ConstraintLayout,container_enemies,,,,,visible,,,,    ConstraintLayout
dialog_dungeon_detail,3,include,enemy1,,,,layout_entity_fighting,visible,,,,      include
dialog_dungeon_detail,3,include,enemy2,,,,layout_entity_fighting,visible,,,,      include
dialog_dungeon_detail,3,include,enemy3,,,,layout_entity_fighting,visible,,,,      include
dialog_dungeon_detail,3,include,enemy4,,,,layout_entity_fighting,visible,,,,      include
dialog_dungeon_detail,3,include,enemy5,,,,layout_entity_fighting,visible,,,,      include
dialog_dungeon_detail,2,ImageView,pet,,,,,visible,,,,    ImageView
dialog_dungeon_detail,2,ImageView,moon,,,,,visible,,,,    ImageView
dialog_dungeon_detail,2,View,padding_to_remove_1,,,,,visible,,,,    View
dialog_dungeon_detail,2,View,padding_to_remove_2,,,,,visible,,,,    View
dialog_dungeon_detail,1,androidx.core.widget.NestedScrollView,log_container,,,,,visible,,,,  androidx.core.widget.NestedScrollView
dialog_dungeon_detail,2,LinearLayout,logs,,,,,visible,,,,    LinearLayout
dialog_dungeon_detail,1,TextView,exit,,,close,,visible,,bold,,  TextView
dialog_dungeon_detail,1,TextView,retreat,,,retreat,,visible,,bold,,  TextView
dialog_dungeon_detail,1,ProgressBar,action_progress_left,,,,,visible,,,,  ProgressBar
dialog_dungeon_detail,1,ProgressBar,action_progress_right,,,,,visible,,,,  ProgressBar
dialog_entity_detail,0,ConstraintLayout,,,,,,visible,,,,ConstraintLayout
dialog_entity_detail,1,TextView,loot_title,,,loot_title,,visible,,bold,,  TextView
dialog_entity_detail,1,HorizontalScrollView,loot_content_scroller,,,,,visible,,,,  HorizontalScrollView
dialog_entity_detail,2,LinearLayout,loot_content,,,,,visible,,,,    LinearLayout
dialog_entity_detail,1,card.MaterialCardView,cardView,,,,,visible,,,,  card.MaterialCardView
dialog_entity_detail,2,ImageView,doctrine,,,,,visible,,,,    ImageView
dialog_entity_detail,1,TextView,exit2,,,close,,visible,,bold,dim_white,  TextView
dialog_entity_detail,1,ImageView,detail_image,,object_border_dim_white,,,visible,,,,  ImageView
dialog_entity_detail,1,TextView,detail_level,,,,,visible,,,,  TextView
dialog_entity_detail,1,ProgressBar,detail_experience_bar,,,,,visible,,,,  ProgressBar
dialog_entity_detail,1,ConstraintLayout,detail_container_equipments,,,,,visible,,,,  ConstraintLayout
dialog_entity_detail,2,ImageView,detail_weapon,,object_border_dim_white,,,visible,,,,    ImageView
dialog_entity_detail,2,ImageView,detail_armor,,object_border_dim_white,,,visible,,,,    ImageView
dialog_entity_detail,2,ImageView,detail_accessory,,object_border_dim_white,,,visible,,,,    ImageView
dialog_entity_detail,1,TextView,detail_experience,,,,,visible,,,,  TextView
dialog_entity_detail,1,TextView,detail_traits,,,,,visible,,,brass_border,  TextView
dialog_entity_detail,1,ConstraintLayout,skills_container,,,,,visible,,,,  ConstraintLayout
dialog_entity_detail,2,ConstraintLayout,container_passive,,object_border_dim_white,,,visible,,,,    ConstraintLayout
dialog_entity_detail,3,TextView,name_passive,,,,,visible,,,,      TextView
dialog_entity_detail,3,TextView,textView,,,skill_passive,,visible,,bold,,      TextView
dialog_entity_detail,2,ConstraintLayout,container_active,,object_border_dim_white,,,visible,,,,    ConstraintLayout
dialog_entity_detail,3,TextView,name_active,,,,,visible,,,,      TextView
dialog_entity_detail,3,TextView,textView2,,,skill_active,,visible,,bold,,      TextView
dialog_entity_detail,2,View,view,,,,,visible,,,,    View
dialog_entity_detail,1,ImageView,levelup_adventurer,arrow_up_brass_multiple,object_border_brass,,,visible,,,,  ImageView
dialog_entity_detail,1,ImageView,swap_equipment,swap_equipment,object_border_dim_white,,,invisible,,,,  ImageView
dialog_entity_detail,1,TextView,help,,object_border_no_background,,,visible,,,,  TextView
dialog_entity_detail,1,ConstraintLayout,container_stats,,,,,visible,,,,  ConstraintLayout
dialog_entity_detail,2,View,view12,,,,,visible,,,,    View
dialog_entity_detail,2,TextView,detail_defense,,,,,visible,,,,    TextView
dialog_entity_detail,2,TextView,detail_attack_damage,,,,,visible,,,,    TextView
dialog_entity_detail,2,TextView,detail_attack_type,,,,,visible,,,,    TextView
dialog_entity_detail,2,TextView,detail_intelligence,,,,,visible,,,,    TextView
dialog_entity_detail,2,TextView,detail_dexterity,,,,,visible,,,,    TextView
dialog_entity_detail,2,TextView,detail_constitution,,,,,visible,,,,    TextView
dialog_entity_detail,2,TextView,detail_hp,,,,,visible,,,,    TextView
dialog_entity_detail,2,TextView,detail_mana,,,,,visible,,,,    TextView
dialog_entity_detail,2,TextView,detail_magic_defense,,,,,visible,,,,    TextView
dialog_entity_detail,1,ConstraintLayout,container_secondary_stats,,,,,visible,,,,  ConstraintLayout
dialog_entity_detail,2,View,view_middle,,,,,visible,,,,    View
dialog_entity_detail,2,TextView,detail_threat,,,,,visible,,,,    TextView
dialog_entity_detail,2,TextView,detail_dodge,,,,,visible,,,,    TextView
dialog_entity_detail,2,TextView,detail_crit_chance,,,,,visible,,,,    TextView
dialog_entity_detail,2,TextView,detail_crit_damage,,,,,visible,,,,    TextView
dialog_entity_detail,2,TextView,detail_status_immunity,,,,,visible,,,,    TextView
dialog_entity_detail,2,TextView,detail_counterattack,,,,,visible,,,,    TextView
dialog_entity_detail,2,TextView,detail_lifesteal,,,,,visible,,,,    TextView
dialog_entity_detail,2,TextView,detail_retaliation,,,,,visible,,,,    TextView
dialog_entity_detail,2,TextView,detail_regeneration,,,,,visible,,,,    TextView
dialog_entity_detail,2,TextView,detail_darkness_damage,,,,,visible,,,,    TextView
dialog_entity_detail,1,ConstraintLayout,container_tertiary_stats,,,,,visible,,,,  ConstraintLayout
dialog_entity_detail,2,View,view_middle_3,,,,,visible,,,,    View
dialog_entity_detail,2,TextView,detail_darkness_reduction,,,,,visible,,,,    TextView
dialog_entity_detail,2,TextView,detail_exp_bonus,,,,,visible,,,,    TextView
dialog_entity_detail,2,TextView,detail_heal_modifier,,,,,visible,,,,    TextView
dialog_entity_detail,2,TextView,detail_decay,,,,,visible,,,,    TextView
dialog_entity_detail,1,ConstraintLayout,container_potions,,,,,visible,,,,  ConstraintLayout
dialog_entity_detail,2,View,view_two_thirds,,,,,visible,,,,    View
dialog_entity_detail,2,View,view_one_third,,,,,visible,,,,    View
dialog_entity_detail,2,ImageView,image_potion_health,potion_of_health,,,,visible,,,,    ImageView
dialog_entity_detail,2,TextView,detail_potion_health,,,,,visible,,,,    TextView
dialog_entity_detail,2,ImageView,image_potion_constitution,potion_of_constitution,,,,visible,,,,    ImageView
dialog_entity_detail,2,TextView,detail_potion_constitution,,,,,visible,,,,    TextView
dialog_entity_detail,2,ImageView,image_potion_dexterity,potion_of_dexterity,,,,visible,,,,    ImageView
dialog_entity_detail,2,TextView,detail_potion_dexterity,,,,,visible,,,,    TextView
dialog_entity_detail,2,ImageView,image_potion_intelligence,potion_of_intelligence,,,,visible,,,,    ImageView
dialog_entity_detail,2,TextView,detail_potion_intelligence,,,,,visible,,,,    TextView
dialog_entity_detail,2,ImageView,image_potion_defense,potion_of_defense,,,,visible,,,,    ImageView
dialog_entity_detail,2,TextView,detail_potion_defense,,,,,visible,,,,    TextView
dialog_entity_detail,2,ImageView,image_potion_magic_defense,potion_of_magic_defense,,,,visible,,,,    ImageView
dialog_entity_detail,2,TextView,detail_potion_magic_defense,,,,,visible,,,,    TextView
dialog_entity_detail,2,ImageView,image_potion_precision,potion_of_precision,,,,visible,,,,    ImageView
dialog_entity_detail,2,TextView,detail_potion_precision,,,,,visible,,,,    TextView
dialog_entity_detail,2,ImageView,image_potion_viciousness,potion_of_viciousness,,,,visible,,,,    ImageView
dialog_entity_detail,2,TextView,detail_potion_viciousness,,,,,visible,,,,    TextView
dialog_entity_detail,2,ImageView,image_potion_agility,potion_of_agility,,,,visible,,,,    ImageView
dialog_entity_detail,2,TextView,detail_potion_agility,,,,,visible,,,,    TextView
dialog_entity_detail,2,ImageView,image_potion_immunity,potion_of_immunity,,,,visible,,,,    ImageView
dialog_entity_detail,2,TextView,detail_potion_immunity,,,,,visible,,,,    TextView
dialog_entity_detail,2,ImageView,image_potion_darkness,potion_of_darkness,,,,visible,,,,    ImageView
dialog_entity_detail,2,TextView,detail_potion_darkness,,,,,visible,,,,    TextView
dialog_entity_detail,1,TextView,page,,,,,visible,,,,  TextView
dialog_entity_detail,1,ImageView,arrow_left,arrow_left,object_border_dim_white,,,visible,,,,  ImageView
dialog_entity_detail,1,ImageView,arrow_right,arrow_right,object_border_dim_white,,,visible,,,,  ImageView
dialog_entity_detail,1,View,eight_dp_from_doctrine,,,,,visible,,,,  View
dialog_entity_detail,1,ImageView,expendable_doctrine_points,brass_circle,,,,visible,,,,  ImageView
dialog_faq,0,ConstraintLayout,,,,,,visible,,,,ConstraintLayout
dialog_faq,1,TextView,close,,,close,,visible,,bold,dim_white,  TextView
dialog_faq,1,ListView,faq_list,,,,,visible,,,,  ListView
dialog_idle_progress,0,ConstraintLayout,,,,,,visible,,,,ConstraintLayout
dialog_idle_progress,1,ProgressBar,progressBar,,,,,visible,,,,  ProgressBar
dialog_item_detail,0,ConstraintLayout,,,,,,visible,,,,ConstraintLayout
dialog_item_detail,1,androidx.core.widget.NestedScrollView,scrollView,,,,,visible,,,,  androidx.core.widget.NestedScrollView
dialog_item_detail,2,ConstraintLayout,,,,,,visible,,,,    ConstraintLayout
dialog_item_detail,3,include,item,,,,layout_item_big,visible,,,,      include
dialog_item_detail,3,TextView,type,,,,,visible,,,,      TextView
dialog_item_detail,3,TextView,description,,,,,visible,,italic,,      TextView
dialog_item_detail,3,TextView,effects,,,,,visible,,bold,,      TextView
dialog_item_detail,3,TextView,source_title,,,drop_source_title,,visible,,bold,,      TextView
dialog_item_detail,3,TextView,source,,,,,visible,,,,      TextView
dialog_item_detail,3,ConstraintLayout,sell,,object_border_dim_white,,,visible,,,,      ConstraintLayout
dialog_item_detail,4,ConstraintLayout,,,,,,visible,,,,        ConstraintLayout
dialog_item_detail,5,include,money,,,,layout_money,visible,,,,          include
dialog_item_detail,3,TextView,builds_from_title,,,builds_from,,visible,,bold,,      TextView
dialog_item_detail,3,ConstraintLayout,constraintLayout4,,,,,visible,,,,      ConstraintLayout
dialog_item_detail,4,include,builds_from,,,,layout_craft,visible,,,,        include
dialog_item_detail,3,TextView,builds_into_title,,,builds_into,,visible,,bold,,      TextView
dialog_item_detail,3,ConstraintLayout,container_builds_into_list,,,,,visible,,,,      ConstraintLayout
dialog_item_detail,4,LinearLayout,builds_into_list,,,,,visible,,,,        LinearLayout
dialog_item_detail,3,TextView,builds_into_hidden,,,builds_into_hidden,,visible,,,,      TextView
dialog_item_detail,3,ImageView,craft,hammer,object_border_dim_white,,,visible,,,,      ImageView
dialog_item_detail,3,ImageView,consume,,object_border_dim_white,,,visible,,,,      ImageView
dialog_item_detail,3,View,center,,,,,visible,,,,      View
dialog_item_detail,3,View,three_quarters,,,,,visible,,,,      View
dialog_item_detail,3,View,placeholder_info_start,,,,,visible,,,,      View
dialog_item_detail,3,TextView,message_not_sellable,,object_border_no_background,warning_unsellable_item,,visible,,bold,,      TextView
dialog_item_detail,1,TextView,close,,,close,,visible,,bold,,  TextView
dialog_item_detail,1,TextView,back,,,back,,visible,,bold,,  TextView
dialog_market,0,ConstraintLayout,,,,,,visible,,,,ConstraintLayout
dialog_market,1,TextView,description1,,,,,visible,,,,  TextView
dialog_market,1,androidx.core.widget.NestedScrollView,scrollView,,object_border_no_background,,,visible,,,,  androidx.core.widget.NestedScrollView
dialog_market,2,LinearLayout,list,,,,,visible,,,,    LinearLayout
dialog_market,1,TextView,exit,,,close,,visible,,bold,dim_white,  TextView
dialog_market,1,TextView,empty_list,,,headquarters_market_no_items,,visible,,italic|bold,,  TextView
dialog_market,1,TextView,description2,,,,,visible,,,,  TextView
dialog_market,1,TextView,description_help,,,headquarters_market_help,,visible,,,,  TextView
dialog_market,1,ConstraintLayout,constraintLayout3,,,,,visible,,,,  ConstraintLayout
dialog_market,2,ConstraintLayout,button_upgrade_listings,,object_border_dim_white,,,visible,,,,    ConstraintLayout
dialog_market,3,TextView,upgrade_listings_description,,,headquarters_market_upgrade_queue,,visible,16sp,bold,,      TextView
dialog_market,3,ConstraintLayout,,,,,,visible,,,,      ConstraintLayout
dialog_market,4,include,money,,,,layout_money,visible,,,,        include
dialog_market,2,View,view3,,,,,visible,,,,    View
dialog_market,2,ConstraintLayout,button_upgrade_time,,object_border_dim_white,,,visible,,,,    ConstraintLayout
dialog_market,3,TextView,upgrade_time_description,,,headquarters_market_upgrade_time,,visible,16sp,bold,,      TextView
dialog_market,3,ConstraintLayout,,,,,,visible,,,,      ConstraintLayout
dialog_market,4,include,money_2,,,,layout_money,visible,,,,        include
dialog_market,1,TextView,merchant_pack_bonus,,,headquarters_workshop_market_40_percent_bonus,,visible,,bold,brass_filler,  TextView
dialog_merchant,0,ConstraintLayout,,,,,,visible,,,,ConstraintLayout
dialog_merchant,1,TextView,close,,,close,,visible,,bold,,  TextView
dialog_merchant,1,TextView,regular_items_header,,extra_opaque_background,merchant_dialog_regular_items_header,,visible,,bold,,  TextView
dialog_merchant,1,TextView,regular_items_countdown,,extra_opaque_background,,,visible,,bold,,  TextView
dialog_merchant,1,TextView,special_items_header,,merchant_special_header,merchant_dialog_special_items_header,,visible,,bold,,  TextView
dialog_merchant,1,TextView,special_items_countdown,,merchant_special_header,,,visible,,bold,,  TextView
dialog_merchant,1,ConstraintLayout,container_regular,,,,,visible,,,,  ConstraintLayout
dialog_merchant,2,TextView,no_regular_items,,,merchant_dialog_empty_stock,,visible,,italic|bold,,    TextView
dialog_merchant,2,GridView,regular_item_grid,,,,,visible,,,,    GridView
dialog_merchant,1,ConstraintLayout,container_special,,,,,visible,,,,  ConstraintLayout
dialog_merchant,2,TextView,no_special_items,,,merchant_dialog_empty_stock,,visible,,italic|bold,,    TextView
dialog_merchant,2,GridView,special_item_grid,,,,,visible,,,,    GridView
dialog_merchant,1,TextView,help,,,merchant_dialog_help,,visible,,italic,,  TextView
dialog_merchant,1,TextView,filler_regular,,extra_opaque_background,,,visible,,bold,,  TextView
dialog_merchant,1,TextView,filler_special,,merchant_special_header,,,visible,,bold,,  TextView
dialog_merchant,1,TextView,new_regular,,,is_new,,visible,,italic|bold,brass_filler,  TextView
dialog_merchant,1,TextView,new_special,,,is_new,,visible,,italic|bold,brass_filler,  TextView
dialog_merge_pet,0,ConstraintLayout,,,,,,visible,,,,ConstraintLayout
dialog_merge_pet,1,androidx.core.widget.NestedScrollView,scrollView,,object_border_no_background,,,visible,,,,  androidx.core.widget.NestedScrollView
dialog_merge_pet,2,LinearLayout,list,,,,,visible,,,,    LinearLayout
dialog_merge_pet,1,TextView,close,,,close,,visible,,bold,dim_white,  TextView
dialog_merge_pet,1,ConstraintLayout,selected_container,,object_border_dim_white,,,visible,,,,  ConstraintLayout
dialog_merge_pet,2,include,food_selected,,,,layout_item_big,visible,,,,    include
dialog_merge_pet,1,TextView,description,,,,,visible,,,,  TextView
dialog_messages_received,0,ConstraintLayout,,,,,,visible,,,,ConstraintLayout
dialog_messages_received,1,TextView,close,,,close,,visible,,bold,dim_white,  TextView
dialog_messages_received,1,ListView,messages_list,,,,,visible,,,,  ListView
dialog_pet_detail,0,ConstraintLayout,,,,,,visible,,,,ConstraintLayout
dialog_pet_detail,1,TextView,exit2,,,close,,visible,,bold,dim_white,  TextView
dialog_pet_detail,1,ImageView,detail_image,,object_border_dim_white,,,visible,,,,  ImageView
dialog_pet_detail,1,TextView,detail_level,,,,,visible,,,,  TextView
dialog_pet_detail,1,ProgressBar,detail_experience_bar,,,,,visible,,,,  ProgressBar
dialog_pet_detail,1,TextView,detail_experience,,,,,visible,,,,  TextView
dialog_pet_detail,1,TextView,detail_traits,,,,,visible,,,brass_border,  TextView
dialog_pet_detail,1,View,view7,,,,,visible,,,,  View
dialog_pet_detail,1,TextView,description,,,,,visible,,,,  TextView
dialog_pet_detail,1,ConstraintLayout,container_ability1,,object_border_dim_white,,,visible,,,,  ConstraintLayout
dialog_pet_detail,2,TextView,ability1_name,,,,,visible,,bold,,    TextView
dialog_pet_detail,2,TextView,ability1_description,,,,,visible,,,,    TextView
dialog_pet_detail,1,ConstraintLayout,container_ability2,,object_border_dim_white,,,visible,,,,  ConstraintLayout
dialog_pet_detail,2,TextView,ability2_name,,,,,visible,,bold,,    TextView
dialog_pet_detail,2,TextView,ability2_description,,,,,visible,,,,    TextView
dialog_pet_detail,2,ImageView,lock_ability2,lock_close_transparent,,,,visible,,,,    ImageView
dialog_pet_detail,1,ConstraintLayout,container_ability3,,object_border_dim_white,,,visible,,,,  ConstraintLayout
dialog_pet_detail,2,TextView,ability3_name,,,,,visible,,bold,,    TextView
dialog_pet_detail,2,TextView,ability3_description,,,,,visible,,,,    TextView
dialog_pet_detail,2,ImageView,lock_ability3,lock_close_transparent,,,,visible,,,,    ImageView
dialog_pet_detail,1,ConstraintLayout,container_ability4,,object_border_dim_white,,,visible,,,,  ConstraintLayout
dialog_pet_detail,2,TextView,ability4_name,,,,,visible,,bold,,    TextView
dialog_pet_detail,2,TextView,ability4_description,,,,,visible,,,,    TextView
dialog_pet_detail,2,ImageView,lock_ability4,lock_close_transparent,,,,visible,,,,    ImageView
dialog_pet_detail,1,TextView,pet_type,,,,,visible,,,,  TextView
dialog_pet_detail,1,TextView,dismiss,,,,,visible,,bold,dim_white,  TextView
dialog_promotion_choices,0,ConstraintLayout,,,,,,visible,,,,ConstraintLayout
dialog_promotion_choices,1,TextView,exit,,,close,,visible,,bold,dim_white,  TextView
dialog_promotion_choices,1,LinearLayout,promotion_possibilities,,,,,visible,,,,  LinearLayout
dialog_quarters,0,ConstraintLayout,,,,,,visible,,,,ConstraintLayout
dialog_quarters,1,TextView,exit3,,,close,,visible,,bold,dim_white,  TextView
dialog_quarters,1,TextView,description,,,,,visible,,,,  TextView
dialog_quarters,1,ConstraintLayout,button_upgrade,,object_border_dim_white,,,visible,,,,  ConstraintLayout
dialog_quarters,2,TextView,upgrade_description,,,headquarters_quarters_upgrade,,visible,16sp,bold,,    TextView
dialog_quarters,2,ConstraintLayout,,,,,,visible,,,,    ConstraintLayout
dialog_quarters,3,include,money,,,,layout_money,visible,,,,      include
dialog_quarters,1,View,view4,,,,,visible,,,,  View
dialog_quarters,1,View,view5,,,,,visible,,,,  View
dialog_quarters,1,View,view6,,,,,visible,,,,  View
dialog_quarters,1,TextView,description_help,,,headquarters_quarters_description_help,,visible,,,,  TextView
dialog_quests,0,ConstraintLayout,,,,,,visible,,,,ConstraintLayout
dialog_quests,1,TextView,new_quests_description,,extra_opaque_background,dialog_quests_new,,visible,,bold,,  TextView
dialog_quests,1,TextView,new_quests_time,,extra_opaque_background,,,visible,,bold,,  TextView
dialog_quests,1,androidx.core.widget.NestedScrollView,scrollView,,,,,visible,,,,  androidx.core.widget.NestedScrollView
dialog_quests,2,ConstraintLayout,,,,,,visible,,,,    ConstraintLayout
dialog_quests,3,ConstraintLayout,container_kings_quests,,,,,visible,,,,      ConstraintLayout
dialog_quests,4,TextView,title_kings_quests,,,quest_group_name_kings_quests,,visible,16sp,bold,,        TextView
dialog_quests,3,LinearLayout,kings_quests_list,,,,,visible,,,,      LinearLayout
dialog_quests,3,ConstraintLayout,container_affliction_quests,,,,,visible,,,,      ConstraintLayout
dialog_quests,4,TextView,title_affliction_quests,,,quest_group_name_college_of_affliction,,visible,16sp,bold,,        TextView
dialog_quests,4,TextView,affliction_lp_bonus,,,,,visible,16sp,bold,,        TextView
dialog_quests,4,TextView,affliction_progress,,,,,visible,,,,        TextView
dialog_quests,3,LinearLayout,affliction_quests_list,,,,,visible,,,,      LinearLayout
dialog_quests,3,ConstraintLayout,container_control_quests,,,,,visible,,,,      ConstraintLayout
dialog_quests,4,TextView,title_control_quests,,,quest_group_name_college_of_control,,visible,16sp,bold,,        TextView
dialog_quests,4,TextView,control_lp_bonus,,,,,visible,16sp,bold,,        TextView
dialog_quests,4,TextView,control_progress,,,,,visible,,,,        TextView
dialog_quests,3,LinearLayout,control_quests_list,,,,,visible,,,,      LinearLayout
dialog_quests,3,ConstraintLayout,container_fortitude_quests,,,,,visible,,,,      ConstraintLayout
dialog_quests,4,TextView,title_fortitude_quests,,,quest_group_name_college_of_fortitude,,visible,16sp,bold,,        TextView
dialog_quests,4,TextView,fortitude_lp_bonus,,,,,visible,16sp,bold,,        TextView
dialog_quests,4,TextView,fortitude_progress,,,,,visible,,,,        TextView
dialog_quests,3,LinearLayout,fortitude_quests_list,,,,,visible,,,,      LinearLayout
dialog_quests,3,ConstraintLayout,container_grace_quests,,,,,visible,,,,      ConstraintLayout
dialog_quests,4,TextView,title_grace_quests,,,quest_group_name_college_of_grace,,visible,16sp,bold,,        TextView
dialog_quests,4,TextView,grace_lp_bonus,,,,,visible,16sp,bold,,        TextView
dialog_quests,4,TextView,grace_progress,,,,,visible,,,,        TextView
dialog_quests,3,LinearLayout,grace_quests_list,,,,,visible,,,,      LinearLayout
dialog_quests,3,ConstraintLayout,container_illusion_quests,,,,,visible,,,,      ConstraintLayout
dialog_quests,4,TextView,title_illusion_quests,,,quest_group_name_college_of_illusion,,visible,16sp,bold,,        TextView
dialog_quests,4,TextView,illusion_lp_bonus,,,,,visible,16sp,bold,,        TextView
dialog_quests,4,TextView,illusion_progress,,,,,visible,,,,        TextView
dialog_quests,3,LinearLayout,illusion_quests_list,,,,,visible,,,,      LinearLayout
dialog_quests,3,ConstraintLayout,container_knowledge_quests,,,,,visible,,,,      ConstraintLayout
dialog_quests,4,TextView,title_knowledge_quests,,,quest_group_name_college_of_knowledge,,visible,16sp,bold,,        TextView
dialog_quests,4,TextView,knowledge_lp_bonus,,,,,visible,16sp,bold,,        TextView
dialog_quests,4,TextView,knowledge_progress,,,,,visible,,,,        TextView
dialog_quests,3,LinearLayout,knowledge_quests_list,,,,,visible,,,,      LinearLayout
dialog_quests,3,ConstraintLayout,container_ruin_quests,,,,,visible,,,,      ConstraintLayout
dialog_quests,4,TextView,title_ruin_quests,,,quest_group_name_college_of_ruin,,visible,16sp,bold,,        TextView
dialog_quests,4,TextView,ruin_lp_bonus,,,,,visible,16sp,bold,,        TextView
dialog_quests,4,TextView,ruin_progress,,,,,visible,,,,        TextView
dialog_quests,3,LinearLayout,ruin_quests_list,,,,,visible,,,,      LinearLayout
dialog_quests,3,ConstraintLayout,container_war_quests,,,,,visible,,,,      ConstraintLayout
dialog_quests,4,TextView,title_war_quests,,,quest_group_name_college_of_war,,visible,16sp,bold,,        TextView
dialog_quests,4,TextView,war_lp_bonus,,,,,visible,16sp,bold,,        TextView
dialog_quests,4,TextView,war_progress,,,,,visible,,,,        TextView
dialog_quests,3,LinearLayout,war_quests_list,,,,,visible,,,,      LinearLayout
dialog_quests,1,TextView,close,,,close,,visible,,bold,dim_white,  TextView
dialog_quests,1,TextView,refresh,,,refresh,,visible,,bold,brass_filler,  TextView
dialog_quests,1,TextView,no_quests_message,,,dialog_quests_all_completed,,visible,,,,  TextView
dialog_recall_adventurers,0,ConstraintLayout,,,,,,visible,,,,ConstraintLayout
dialog_recall_adventurers,1,androidx.core.widget.NestedScrollView,scrollView,,object_border_no_background,,,visible,,,,  androidx.core.widget.NestedScrollView
dialog_recall_adventurers,2,LinearLayout,list,,,,,visible,,,,    LinearLayout
dialog_recall_adventurers,1,TextView,close,,,close,,visible,,bold,dim_white,  TextView
dialog_recall_adventurers,1,TextView,textView6,,,drawer_recall_adventurers_info,,visible,,,,  TextView
dialog_recall_adventurers,1,TextView,empty_list,,,drawer_recall_adventurers_empty_list,,visible,,italic|bold,,  TextView
dialog_recipes,0,ConstraintLayout,,,,,,visible,,,,ConstraintLayout
dialog_recipes,1,TextView,close,,,close,,visible,,bold,dim_white,  TextView
dialog_recipes,1,RadioGroup,radioGroup_visibility,,,,,visible,,,,  RadioGroup
dialog_recipes,2,RadioButton,radiobutton_all,,,headquarters_workshop_recipes_visibility_all,,visible,,bold,,    RadioButton
dialog_recipes,2,RadioButton,radiobutton_materials,,,headquarters_workshop_recipes_visibility_materials,,visible,,bold,,    RadioButton
dialog_recipes,2,RadioButton,radiobutton_weapons,,,headquarters_workshop_recipes_visibility_weapons,,visible,,bold,,    RadioButton
dialog_recipes,2,RadioButton,radiobutton_armors,,,headquarters_workshop_recipes_visibility_armors,,visible,,bold,,    RadioButton
dialog_recipes,2,RadioButton,radiobutton_accessories,,,headquarters_workshop_recipes_visibility_accessories,,visible,,bold,,    RadioButton
dialog_recipes,1,TextView,textView4,,,headquarters_storage_description_visibility,,visible,16sp,bold,,  TextView
dialog_recipes,1,TextView,no_recipes_tooltip,,,headquarters_workshop_recipes_no_recipes,,visible,,italic|bold,,  TextView
dialog_recipes,1,TextView,textView5,,,headquarters_storage_description_order_by,,visible,16sp,bold,,  TextView
dialog_recipes,1,RadioGroup,radioGroup_order_by,,,,,visible,,,,  RadioGroup
dialog_recipes,2,RadioButton,radiobutton_type,,,headquarters_workshop_recipes_order_type,,visible,,bold,,    RadioButton
dialog_recipes,2,RadioButton,radiobutton_craftable_amount,,,headquarters_workshop_recipes_order_amount,,visible,,bold,,    RadioButton
dialog_recipes,2,RadioButton,radiobutton_alphabetical,,,headquarters_workshop_recipes_order_alphabetical,,visible,,bold,,    RadioButton
dialog_recipes,1,ListView,recipe_list,,object_border_no_background,,,visible,,,,  ListView
dialog_recipes,1,CheckBox,hide_insufficient_ingredients,,,headquarters_workshop_recipes_hide_insufficient_ingredients,,visible,,bold,,  CheckBox
dialog_redeem_code,0,ConstraintLayout,,,,,,visible,,,,ConstraintLayout
dialog_redeem_code,1,TextView,close,,,close,,visible,,bold,,  TextView
dialog_redeem_code,1,TextView,ok,,,drawer_redeem_code_ok,,visible,,bold,brass_border,  TextView
dialog_redeem_code,1,EditText,editText,,,,,visible,,,,  EditText
dialog_redeem_code,1,TextView,message,,,,,visible,,,,  TextView
dialog_refill_raid_try,0,ConstraintLayout,,,,,,visible,,,,ConstraintLayout
dialog_refill_raid_try,1,TextView,shop,,,drawer_shop_title,,visible,,bold,brass_border,  TextView
dialog_refill_raid_try,1,ConstraintLayout,container_gems,,object_border_brass,,,visible,,,,  ConstraintLayout
dialog_refill_raid_try,2,TextView,amount_gems,,,30,,visible,16sp,bold,,    TextView
dialog_refill_raid_try,2,ImageView,image_gems,gem,,,,visible,,,,    ImageView
dialog_refill_raid_try,1,TextView,confirm_text,,,,,visible,,,,  TextView
dialog_refill_raid_try,1,TextView,cancel,,,cancel,,visible,,bold,,  TextView
dialog_refill_raid_try,1,TextView,error,,,error_not_enough_gems,,visible,14sp,bold,,  TextView
dialog_refresh_quests,0,ConstraintLayout,,,,,,visible,,,,ConstraintLayout
dialog_refresh_quests,1,TextView,close,,,close,,visible,,bold,dim_white,  TextView
dialog_refresh_quests,1,ConstraintLayout,confirm_container,,object_border_brass,,,visible,,,,  ConstraintLayout
dialog_refresh_quests,2,TextView,confirm_amount,,,,,visible,,bold,brass_filler,    TextView
dialog_refresh_quests,2,ImageView,confirm_gem_image,gem,,,,visible,,,,    ImageView
dialog_refresh_quests,1,TextView,decription,,,dialog_quests_refresh_description,,visible,,,,  TextView
dialog_report,0,ConstraintLayout,,,,,,visible,,,,ConstraintLayout
dialog_report,1,TextView,exp_lost_value,,,,,visible,,bold,brass_border,  TextView
dialog_report,1,TextView,exp_per_hour_value,,,,,visible,,bold,brass_border,  TextView
dialog_report,1,TextView,close,,,close,,visible,,bold,,  TextView
dialog_report,1,GridView,item_grid,,,,,visible,,,,  GridView
dialog_report,1,TextView,description,,,report_description,,visible,,italic,,  TextView
dialog_report,1,TextView,duration_label,,,report_duration,,visible,,,,  TextView
dialog_report,1,TextView,duration_value,,,,,visible,,bold,brass_border,  TextView
dialog_report,1,TextView,areas_cleared_value,,,,,visible,,bold,brass_border,  TextView
dialog_report,1,TextView,team_wiped_value,,,,,visible,,bold,brass_border,  TextView
dialog_report,1,TextView,exp_earned_value,,,,,visible,,bold,brass_border,  TextView
dialog_report,1,TextView,enemies_slain_label,,,report_enemies_slain,,visible,,,,  TextView
dialog_report,1,TextView,areas_cleared_label,,,report_areas_cleared,,visible,,,,  TextView
dialog_report,1,TextView,team_wiped_label,,,report_team_wiped,,visible,,,,  TextView
dialog_report,1,TextView,exp_earned_label,,,report_exp_earned,,visible,,,,  TextView
dialog_report,1,TextView,exp_lost_label,,,report_exp_lost,,visible,,,,  TextView
dialog_report,1,TextView,exp_per_hour_label,,,report_exp_per_hour,,visible,,,,  TextView
dialog_select_equipment,0,ConstraintLayout,,,,,,visible,,,,ConstraintLayout
dialog_select_equipment,1,include,equipped,,,,layout_select_equipment,visible,,,,  include
dialog_select_equipment,1,androidx.core.widget.NestedScrollView,scrollView,,object_border_no_background,,,visible,,,,  androidx.core.widget.NestedScrollView
dialog_select_equipment,2,LinearLayout,list,,,,,visible,,,,    LinearLayout
dialog_select_equipment,1,TextView,close,,,close,,visible,,bold,dim_white,  TextView
dialog_select_equipment,1,TextView,no_equipments,,,no_equipments,,visible,,italic|bold,,  TextView
dialog_select_equipment,1,TextView,unequip,,,unequip,,visible,,bold,dim_white,  TextView
dialog_sell,0,ConstraintLayout,,,,,,visible,,,,ConstraintLayout
dialog_sell,1,TextView,close,,,close,,visible,,bold,,  TextView
dialog_sell,1,ConstraintLayout,constraintLayout5,,,,,visible,,,,  ConstraintLayout
dialog_sell,2,TextView,arrow2,,,arrow_sign,,visible,,bold,,    TextView
dialog_sell,2,ConstraintLayout,constraintLayout4,,object_border_dim_white,,,visible,,,,    ConstraintLayout
dialog_sell,3,include,price,,,,layout_money,visible,,,,      include
dialog_sell,2,include,item,,,,layout_item_big,visible,,,,    include
dialog_sell,1,TextView,sell,,,sell,,visible,,bold,brass_border,  TextView
dialog_sell,1,TextView,time,,object_border_dim_white,,,visible,,,,  TextView
dialog_sell,1,ConstraintLayout,sellPanel,,,,,visible,,,,  ConstraintLayout
dialog_sell,2,ImageView,button_minus,sign_minus,object_border_dim_white,,,visible,,,,    ImageView
dialog_sell,2,ImageView,button_plus,sign_plus,object_border_dim_white,,,visible,,,,    ImageView
dialog_sell,2,SeekBar,seekBar,,,,,visible,,,,    SeekBar
dialog_sell,2,TextView,number,,object_border_dim_white,,,visible,,,,    TextView
dialog_sell,1,TextView,warning_no_items,,,sell_no_items,,visible,,bold,,  TextView
dialog_sell,1,TextView,warning_full_listings,,,sell_no_listings,,visible,,bold,,  TextView
dialog_send_team,0,ConstraintLayout,,,,,,visible,,,,ConstraintLayout
dialog_send_team,1,androidx.core.widget.NestedScrollView,scrollView,,,,,visible,,,,  androidx.core.widget.NestedScrollView
dialog_send_team,2,ConstraintLayout,,,,,,visible,,,,    ConstraintLayout
dialog_send_team,3,include,adventurer1,,,,layout_adventurer,visible,,,,      include
dialog_send_team,3,include,adventurer2,,,,layout_adventurer,visible,,,,      include
dialog_send_team,3,include,adventurer3,,,,layout_adventurer,visible,,,,      include
dialog_send_team,3,include,adventurer4,,,,layout_adventurer,visible,,,,      include
dialog_send_team,3,include,adventurer5,,,,layout_adventurer,visible,,,,      include
dialog_send_team,3,include,adventurer6,,,,layout_adventurer,visible,,,,      include
dialog_send_team,3,include,adventurer7,,,,layout_adventurer,visible,,,,      include
dialog_send_team,3,include,adventurer8,,,,layout_adventurer,visible,,,,      include
dialog_send_team,3,include,adventurer9,,,,layout_adventurer,visible,,,,      include
dialog_send_team,3,include,adventurer10,,,,layout_adventurer,visible,,,,      include
dialog_send_team,3,include,adventurer11,,,,layout_adventurer,visible,,,,      include
dialog_send_team,3,include,adventurer12,,,,layout_adventurer,visible,,,,      include
dialog_send_team,3,include,adventurer13,,,,layout_adventurer,visible,,,,      include
dialog_send_team,3,include,adventurer14,,,,layout_adventurer,visible,,,,      include
dialog_send_team,1,View,view2,,,,,visible,,,,  View
dialog_send_team,1,TextView,load,,object_border_dim_white,load_team,,visible,,bold,,  TextView
dialog_send_team,1,TextView,save,,object_border_dim_white,save_team,,visible,,bold,,  TextView
dialog_send_team,1,TextView,send,,,send_team,,visible,,bold,brass_border,  TextView
dialog_send_team,1,TextView,close,,,close,,visible,,bold,,  TextView
dialog_send_team,1,TextView,clear,,,clear_team,,visible,,bold,,  TextView
dialog_send_team,1,ConstraintLayout,pet_container,,object_border_dim_white,,,visible,,,,  ConstraintLayout
dialog_send_team,2,ImageView,image_pet_plus,plus_white_half_alpha,,,,visible,,,,    ImageView
dialog_send_team,2,TextView,level_pet,,,,,visible,,,,    TextView
dialog_send_team,2,ImageView,image_pet,,,,,visible,,,,    ImageView
dialog_settings,0,ConstraintLayout,,,,,,visible,,,,ConstraintLayout
dialog_settings,1,androidx.core.widget.NestedScrollView,scrollView,,,,,visible,,,,  androidx.core.widget.NestedScrollView
dialog_settings,2,ConstraintLayout,,,,,,visible,,,,    ConstraintLayout
dialog_settings,3,TextView,language,,,drawer_settings_language,,visible,,,,      TextView
dialog_settings,3,Spinner,languageSpinner,,object_border_brass,,,visible,,bold,,      Spinner
dialog_settings,3,TextView,cancel,,,cancel,,visible,,bold,,      TextView
dialog_settings,3,TextView,save,,,drawer_settings_save,,visible,,bold,brass_border,      TextView
dialog_settings,3,TextView,description_colorblind_mode,,,drawer_settings_colorblind_mode,,visible,,,,      TextView
dialog_settings,3,TextView,description_auto_open_dungeon,,,drawer_settings_auto_open_dungeon,,visible,,,,      TextView
dialog_settings,3,TextView,description_verbose_logs,,,drawer_settings_verbose_logs,,visible,,,,      TextView
dialog_settings,3,TextView,description_confirm_swap,,,drawer_settings_confirm_swap_equipment,,visible,,,,      TextView
dialog_settings,3,TextView,description_confirm_retreat,,,drawer_settings_confirm_retreat,,visible,,,,      TextView
dialog_settings,3,TextView,description_sell_amount,,,drawer_settings_sell_amount,,visible,,,,      TextView
dialog_settings,3,TextView,description_craft_amount,,,drawer_settings_craft_amount,,visible,,,,      TextView
dialog_settings,3,TextView,description_confirm_upgrades,,,drawer_settings_confirm_upgrade,,visible,,,,      TextView
dialog_settings,3,View,separator,,,,,visible,,,,      View
dialog_settings,3,TextView,value_confirm_retreat,,object_border_brass,,,visible,,bold,,      TextView
dialog_settings,3,TextView,value_auto_open_dungeon,,object_border_brass,,,visible,,bold,,      TextView
dialog_settings,3,TextView,value_verbose_logs,,object_border_brass,,,visible,,bold,,      TextView
dialog_settings,3,TextView,value_colorblind_mode,,object_border_brass,,,visible,,bold,,      TextView
dialog_settings,3,TextView,value_swap_equipment,,object_border_brass,,,visible,,bold,,      TextView
dialog_settings,3,TextView,value_sell_amount,,object_border_brass,,,visible,,bold,,      TextView
dialog_settings,3,TextView,value_craft_amount,,object_border_brass,,,visible,,bold,,      TextView
dialog_settings,3,TextView,value_confirm_upgrades,,object_border_brass,,,visible,,bold,,      TextView
dialog_settings,3,TextView,restore_purchases,,object_border_brass,drawer_settings_restore_purchases,,visible,,bold,,      TextView
dialog_settings,3,TextView,version,,,,,visible,11sp,,,      TextView
dialog_shelter,0,ConstraintLayout,,,,,,visible,,,,ConstraintLayout
dialog_shelter,1,TextView,help,,,help,,visible,,bold,dim_white,  TextView
dialog_shelter,1,GridView,pets_grid,,object_border_no_background,,,visible,,,,  GridView
dialog_shelter,1,TextView,empty_pets,,,headquarters_shelter_empty_list,,visible,,italic|bold,,  TextView
dialog_shelter,1,TextView,close,,,close,,visible,,bold,dim_white,  TextView
dialog_shelter,1,TextView,description_help,,,headquarters_shelter_description,,visible,,,,  TextView
dialog_shelter,1,TextView,description,,,,,visible,,,,  TextView
dialog_shelter,1,ConstraintLayout,buttons_container,,,,,visible,,,,  ConstraintLayout
dialog_shelter,2,ConstraintLayout,button_upgrade_capacity,,object_border_dim_white,,,visible,,,,    ConstraintLayout
dialog_shelter,3,TextView,upgrade_capacity_description,,,headquarters_shelter_upgrade_space,,visible,16sp,bold,,      TextView
dialog_shelter,3,ConstraintLayout,,,,,,visible,,,,      ConstraintLayout
dialog_shelter,4,include,money,,,,layout_money,visible,,,,        include
dialog_shelter,2,ConstraintLayout,button_upgrade_autofeed,,object_border_dim_white,,,visible,,,,    ConstraintLayout
dialog_shelter,3,TextView,upgrade_autofeed_description,,,headquarters_shelter_upgrade_autofeed,,visible,16sp,bold,,      TextView
dialog_shelter,3,ConstraintLayout,,,,,,visible,,,,      ConstraintLayout
dialog_shelter,4,include,money_autofeed,,,,layout_money,visible,,,,        include
dialog_shelter,2,View,view13,,,,,visible,,,,    View
dialog_shelter,1,TextView,description_autofeed,,,headquarters_shelter_description_autofeed,,visible,,italic,,  TextView
dialog_shop,0,ConstraintLayout,,,,,,visible,,,,ConstraintLayout
dialog_shop,1,TextView,max_idle_time_description,,,shop_max_idle_time,,visible,16sp,bold,,  TextView
dialog_shop,1,TextView,max_idle_time_value,,,,,visible,16sp,bold,brass_filler,  TextView
dialog_shop,1,ImageView,max_idle_time_info,info,,,,visible,,,,  ImageView
dialog_shop,1,androidx.core.widget.NestedScrollView,scrollView,,,,,visible,,,,  androidx.core.widget.NestedScrollView
dialog_shop,2,ConstraintLayout,scrollview_content,,,,,visible,,,,    ConstraintLayout
dialog_shop,3,ConstraintLayout,constraint_starter_pack,,object_border_brass,,,visible,,,,      ConstraintLayout
dialog_shop,4,TextView,text_gems_starter_pack,,,shop_500_gems,,visible,14sp,bold,,        TextView
dialog_shop,4,ImageView,image_gems_starter_pack,gem,,,,visible,,,,        ImageView
dialog_shop,4,ImageView,image_no_ads_starter_pack,no_ads,,,,visible,,,,        ImageView
dialog_shop,4,View,separator_starter_pack,,,,,visible,,,,        View
dialog_shop,4,ImageView,quarters_image_starter_pack,shop_1,object_border_dim_white,,,visible,,,,        ImageView
dialog_shop,4,ImageView,tavern_image_starter_pack,shop_1,object_border_dim_white,,,visible,,,,        ImageView
dialog_shop,4,ImageView,workshop_image_starter_pack,shop_1,object_border_dim_white,,,visible,,,,        ImageView
dialog_shop,4,ImageView,market_image_starter_pack,shop_1,object_border_dim_white,,,visible,,,,        ImageView
dialog_shop,4,TextView,quarters_text_starter_pack,,,shop_quarters_space,,visible,14sp,bold,,        TextView
dialog_shop,4,TextView,tavern_text_starter_pack,,,shop_tavern_space,,visible,14sp,bold,,        TextView
dialog_shop,4,TextView,market_text_starter_pack,,,shop_market_space,,visible,14sp,bold,,        TextView
dialog_shop,4,TextView,workshop_text_starter_pack,,,shop_workshop_space,,visible,14sp,bold,,        TextView
dialog_shop,4,TextView,starter_pack_buy,,object_border_buy,,,visible,16sp,bold,brass_filler,        TextView
dialog_shop,4,TextView,storage_text_starter_pack,,,shop_20_storage_spaces,,visible,14sp,bold,,        TextView
dialog_shop,4,TextView,text_no_ads_starter_pack,,,shop_no_ads,,visible,14sp,bold,,        TextView
dialog_shop,4,View,separator2_starter_pack,,,,,visible,,,,        View
dialog_shop,4,ImageView,check_starter_pack,check_brass,,,,visible,,,,        ImageView
dialog_shop,3,ConstraintLayout,constraint_adventurer_pack,,object_border_brass,,,visible,,,,      ConstraintLayout
dialog_shop,4,ImageView,image_gems_adventurer_pack,gem,,,,visible,,,,        ImageView
dialog_shop,4,View,separator_adventurer_pack,,,,,visible,,,,        View
dialog_shop,4,ImageView,quarters_image_adventurer_pack,shop_2,object_border_dim_white,,,visible,,,,        ImageView
dialog_shop,4,ImageView,tavern_image_adventurer_pack,shop_2,object_border_dim_white,,,visible,,,,        ImageView
dialog_shop,4,TextView,quarters_text_adventurer_pack,,,shop_quarters_space,,visible,14sp,bold,,        TextView
dialog_shop,4,TextView,bonus_item_text_adventurer_pack,,,,,visible,14sp,bold,,        TextView
dialog_shop,4,TextView,tavern_text_adventurer_pack,,,shop_tavern_space,,visible,14sp,bold,,        TextView
dialog_shop,4,TextView,adventurer_pack_buy,,object_border_buy,,,visible,16sp,bold,brass_filler,        TextView
dialog_shop,4,TextView,adventurer_pack_previous_price,,,,,visible,14sp,bold,brass_filler,        TextView
dialog_shop,4,ImageView,bonus_item_image_adventurer_pack,dreamcatcher,object_border_dim_white,,,visible,,,,        ImageView
dialog_shop,4,ImageView,bonus_item_image_adventurer_pack_2,evo23_vial,object_border_dim_white,,,visible,,,,        ImageView
dialog_shop,4,TextView,bonus_item_text_adventurer_pack_2,,,,,visible,14sp,bold,,        TextView
dialog_shop,4,TextView,storage_text_adventurer_pack,,,shop_20_storage_spaces,,visible,14sp,bold,,        TextView
dialog_shop,4,TextView,text_gems_adventurer_pack,,,shop_1000_gems,,visible,14sp,bold,,        TextView
dialog_shop,4,View,separator2_adventurer_pack,,,,,visible,,,,        View
dialog_shop,4,ImageView,check_adventurer_pack,check_brass,,,,visible,,,,        ImageView
dialog_shop,3,ConstraintLayout,constraint_merchant_pack,,object_border_brass,,,visible,,,,      ConstraintLayout
dialog_shop,4,ImageView,image_gems_merchant_pack,gem,,,,visible,,,,        ImageView
dialog_shop,4,View,separator_merchant_pack,,,,,visible,,,,        View
dialog_shop,4,ImageView,workshop_image_merchant_pack,shop_2,object_border_dim_white,,,visible,,,,        ImageView
dialog_shop,4,ImageView,shop_speed_image_merchant_pack,hourglass,object_border_dim_white,,,visible,,,,        ImageView
dialog_shop,4,ImageView,shop_loot_chest_image_merchant_pack,loot_chest,object_border_dim_white,,,visible,,,,        ImageView
dialog_shop,4,TextView,shop_loot_chest_text_merchant_pack,,,shop_loot_chest_increase,,visible,14sp,bold,,        TextView
dialog_shop,4,ImageView,market_image_merchant_pack,shop_2,object_border_dim_white,,,visible,,,,        ImageView
dialog_shop,4,TextView,market_text_merchant_pack,,,shop_market_space,,visible,14sp,bold,,        TextView
dialog_shop,4,TextView,workshop_text_merchant_pack,,,shop_workshop_space,,visible,14sp,bold,,        TextView
dialog_shop,4,TextView,shop_speed_text_merchant_pack,,,shop_speed_increase,,visible,14sp,bold,,        TextView
dialog_shop,4,TextView,merchant_pack_buy,,object_border_buy,,,visible,16sp,bold,brass_filler,        TextView
dialog_shop,4,TextView,storage_text_merchant_pack,,,shop_40_storage_spaces,,visible,14sp,bold,,        TextView
dialog_shop,4,TextView,text_gems_merchant_pack,,,shop_1000_gems,,visible,14sp,bold,,        TextView
dialog_shop,4,View,separator2_merchant_pack,,,,,visible,,,,        View
dialog_shop,4,ImageView,check_merchant_pack,check_brass,,,,visible,,,,        ImageView
dialog_shop,3,ConstraintLayout,constraint_imperial_vanguard,,object_border_brass,,,visible,,,,      ConstraintLayout
dialog_shop,4,View,separator2_imperial_vanguard,,,,,visible,,,,        View
dialog_shop,4,TextView,imperial_vanguard_buy,,object_border_buy,,,visible,16sp,bold,brass_filler,        TextView
dialog_shop,4,TextView,text_gems_imperial_vanguard,,,shop_2000_gems,,visible,14sp,bold,,        TextView
dialog_shop,4,ImageView,image_gems_imperial_vanguard,gem,,,,visible,,,,        ImageView
dialog_shop,4,View,separator_imperial_vanguard,,,,,visible,,,,        View
dialog_shop,4,TextView,quarters_text_imperial_vanguard,,,shop_quarters_space,,visible,14sp,bold,,        TextView
dialog_shop,4,ImageView,quarters_image_imperial_vanguard,shop_4,object_border_dim_white,,,visible,,,,        ImageView
dialog_shop,4,ImageView,bonus_item_image_imperial_vanguard,intercession,object_border_dim_white,,,visible,,,,        ImageView
dialog_shop,4,TextView,bonus_item_text_imperial_vanguard,,,consumable_intercession_name,,visible,14sp,bold,,        TextView
dialog_shop,4,include,imperial_vanguard_adventurer_1,,,,layout_adventurer,visible,,,,        include
dialog_shop,4,include,imperial_vanguard_adventurer_2,,,,layout_adventurer,visible,,,,        include
dialog_shop,4,include,imperial_vanguard_adventurer_3,,,,layout_adventurer,visible,,,,        include
dialog_shop,4,include,imperial_vanguard_adventurer_4,,,,layout_adventurer,visible,,,,        include
dialog_shop,4,ImageView,check_imperial_vanguard,check_brass,,,,visible,,,,        ImageView
dialog_shop,3,ConstraintLayout,constraint_unholy_crusade,,object_border_brass,,,visible,,,,      ConstraintLayout
dialog_shop,4,View,separator2_unholy_crusade,,,,,visible,,,,        View
dialog_shop,4,TextView,unholy_crusade_buy,,object_border_buy,,,visible,16sp,bold,brass_filler,        TextView
dialog_shop,4,TextView,text_gems_unholy_crusade,,,shop_2000_gems,,visible,14sp,bold,,        TextView
dialog_shop,4,ImageView,image_gems_unholy_crusade,gem,,,,visible,,,,        ImageView
dialog_shop,4,View,separator_unholy_crusade,,,,,visible,,,,        View
dialog_shop,4,TextView,quarters_text_unholy_crusade,,,shop_quarters_space,,visible,14sp,bold,,        TextView
dialog_shop,4,ImageView,quarters_image_unholy_crusade,shop_4,object_border_dim_white,,,visible,,,,        ImageView
dialog_shop,4,ImageView,bonus_item_image_unholy_crusade,intercession,object_border_dim_white,,,visible,,,,        ImageView
dialog_shop,4,TextView,bonus_item_text_unholy_crusade,,,consumable_intercession_name,,visible,14sp,bold,,        TextView
dialog_shop,4,include,unholy_crusade_adventurer_1,,,,layout_adventurer,visible,,,,        include
dialog_shop,4,include,unholy_crusade_adventurer_2,,,,layout_adventurer,visible,,,,        include
dialog_shop,4,include,unholy_crusade_adventurer_3,,,,layout_adventurer,visible,,,,        include
dialog_shop,4,include,unholy_crusade_adventurer_4,,,,layout_adventurer,visible,,,,        include
dialog_shop,4,ImageView,check_unholy_crusade,check_brass,,,,visible,,,,        ImageView
dialog_shop,3,TextView,starter_pack_title,,,shop_title_starter_pack,,visible,20sp,bold,,      TextView
dialog_shop,3,TextView,adventurer_pack_title,,,shop_title_adventurer_pack,,visible,20sp,bold,,      TextView
dialog_shop,3,TextView,unholy_crusade_title,,,shop_title_unholy_crusade,,visible,20sp,bold,,      TextView
dialog_shop,3,TextView,merchant_pack_title,,,shop_title_merchant_pack,,visible,20sp,bold,,      TextView
dialog_shop,3,TextView,imperial_vanguard_title,,,shop_title_imperial_vanguard,,visible,20sp,bold,,      TextView
dialog_shop,3,ConstraintLayout,constraint_gems_1,,object_border_brass,,,visible,,,,      ConstraintLayout
dialog_shop,4,View,separator_gems_1,,,,,visible,,,,        View
dialog_shop,4,TextView,gems_1_buy,,object_border_brass_rounded_right,$19.99,,visible,16sp,bold,brass_filler,        TextView
dialog_shop,4,TextView,text_gems_1,,,shop_250_gems,,visible,14sp,bold,,        TextView
dialog_shop,4,ImageView,image_gems_1,gem,,,,visible,,,,        ImageView
dialog_shop,3,ConstraintLayout,constraint_gems_2,,object_border_brass,,,visible,,,,      ConstraintLayout
dialog_shop,4,View,separator_gems_2,,,,,visible,,,,        View
dialog_shop,4,TextView,gems_2_buy,,object_border_brass_rounded_right,$19.99,,visible,16sp,bold,brass_filler,        TextView
dialog_shop,4,TextView,text_gems_2,,,shop_550_gems,,visible,14sp,bold,,        TextView
dialog_shop,4,ImageView,image_gems_2,gem,,,,visible,,,,        ImageView
dialog_shop,3,ConstraintLayout,constraint_gems_3,,object_border_brass,,,visible,,,,      ConstraintLayout
dialog_shop,4,View,separator_gems_3,,,,,visible,,,,        View
dialog_shop,4,TextView,gems_3_buy,,object_border_brass_rounded_right,$19.99,,visible,16sp,bold,brass_filler,        TextView
dialog_shop,4,TextView,text_gems_3,,,shop_1200_gems,,visible,14sp,bold,,        TextView
dialog_shop,4,ImageView,image_gems_3,gem,,,,visible,,,,        ImageView
dialog_shop,3,ConstraintLayout,constraint_gems_4,,object_border_brass,,,visible,,,,      ConstraintLayout
dialog_shop,4,View,separator_gems_4,,,,,visible,,,,        View
dialog_shop,4,TextView,gems_4_buy,,object_border_brass_rounded_right,$19.99,,visible,16sp,bold,brass_filler,        TextView
dialog_shop,4,TextView,text_gems_4,,,shop_2000_gems,,visible,14sp,bold,,        TextView
dialog_shop,4,ImageView,image_gems_4,gem,,,,visible,,,,        ImageView
dialog_shop,1,TextView,close,,,close,,visible,,bold,dim_white,  TextView
dialog_storage,0,ConstraintLayout,,,,,,visible,,,,ConstraintLayout
dialog_storage,1,TextView,close,,,close,,visible,,bold,dim_white,  TextView
dialog_storage,1,GridView,item_grid,,object_border_no_background,,,visible,,,,  GridView
dialog_storage,1,RadioGroup,radioGroup_visibility,,,,,visible,,,,  RadioGroup
dialog_storage,2,RadioButton,radiobutton_all,,,headquarters_storage_visibility_all,,visible,,bold,,    RadioButton
dialog_storage,2,RadioButton,radiobutton_materials,,,headquarters_storage_visibility_materials,,visible,,bold,,    RadioButton
dialog_storage,2,RadioButton,radiobutton_weapons,,,headquarters_storage_visibility_weapons,,visible,,bold,,    RadioButton
dialog_storage,2,RadioButton,radiobutton_armors,,,headquarters_storage_visibility_armors,,visible,,bold,,    RadioButton
dialog_storage,2,RadioButton,radiobutton_accessories,,,headquarters_storage_visibility_accessories,,visible,,bold,,    RadioButton
dialog_storage,2,RadioButton,radiobutton_consumables,,,headquarters_storage_visibility_consumables,,visible,,bold,,    RadioButton
dialog_storage,1,TextView,textView4,,,headquarters_storage_description_visibility,,visible,16sp,bold,,  TextView
dialog_storage,1,TextView,no_items_tooltip,,,headquarters_storage_no_items,,visible,,italic|bold,,  TextView
dialog_storage,1,TextView,textView5,,,headquarters_storage_description_order_by,,visible,16sp,bold,,  TextView
dialog_storage,1,RadioGroup,radioGroup_order_by,,,,,visible,,,,  RadioGroup
dialog_storage,2,RadioButton,radiobutton_type,,,headquarters_storage_order_type,,visible,,bold,,    RadioButton
dialog_storage,2,RadioButton,radiobutton_quantity,,,headquarters_storage_order_quantity,,visible,,bold,,    RadioButton
dialog_storage,2,RadioButton,radiobutton_alphabetical,,,headquarters_storage_order_alphabetical,,visible,,bold,,    RadioButton
dialog_storage,2,RadioButton,radiobutton_price_unit,,,headquarters_storage_order_price_unit,,visible,,bold,,    RadioButton
dialog_storage,2,RadioButton,radiobutton_price_total,,,headquarters_storage_order_price_total,,visible,,bold,,    RadioButton
dialog_storage,1,TextView,description,,,,,visible,,,,  TextView
dialog_storage,1,ConstraintLayout,button_upgrade_spaces,,object_border_dim_white,,,visible,,,,  ConstraintLayout
dialog_storage,2,TextView,upgrade_capacity_description,,,headquarters_storage_upgrade_capacity,,visible,16sp,bold,,    TextView
dialog_storage,2,ConstraintLayout,,,,,,visible,,,,    ConstraintLayout
dialog_storage,3,include,money,,,,layout_money,visible,,,,      include
dialog_storage,1,TextView,textView3,,,headquarters_storage_description_1,,visible,,italic,,  TextView
dialog_storage,1,ConstraintLayout,filters_arrow_container,,object_border_dim_white_square_no_border,,,visible,,,,  ConstraintLayout
dialog_storage,2,ImageView,filters_arrow,menu_drop,,,,visible,,,,    ImageView
dialog_storage,1,View,view8,,,,,visible,,,,  View
dialog_storage,1,View,view9,,,,,visible,,,,  View
dialog_storage,1,View,view10,,,,,visible,,,,  View
dialog_tavern,0,ConstraintLayout,,,,,,visible,,,,ConstraintLayout
dialog_tavern,1,TextView,description1,,,,,visible,,,,  TextView
dialog_tavern,1,androidx.core.widget.NestedScrollView,scrollView,,object_border_no_background,,,visible,,,,  androidx.core.widget.NestedScrollView
dialog_tavern,2,LinearLayout,list,,,,,visible,,,,    LinearLayout
dialog_tavern,1,TextView,exit,,,close,,visible,,bold,dim_white,  TextView
dialog_tavern,1,ImageView,lock,,object_border_dim_white,,,visible,,,,  ImageView
dialog_tavern,1,TextView,nextVisitor,,,,,visible,,,,  TextView
dialog_tavern,1,ProgressBar,progressBar,,,,,visible,,,,  ProgressBar
dialog_tavern,1,TextView,help,,,help,,visible,,bold,dim_white,  TextView
dialog_tavern,1,TextView,empty_list,,,headquarters_tavern_empty_list,,visible,,italic|bold,,  TextView
dialog_tavern,1,TextView,description_help,,,headquarters_tavern_description_help,,visible,,,,  TextView
dialog_tavern,1,TextView,description2,,,,,visible,,,,  TextView
dialog_tavern,1,ConstraintLayout,buttons_container,,,,,visible,,,,  ConstraintLayout
dialog_tavern,2,ConstraintLayout,button_upgrade_time,,object_border_dim_white,,,visible,,,,    ConstraintLayout
dialog_tavern,3,TextView,upgrade_time_description,,,headquarters_tavern_upgrade_time,,visible,16sp,bold,,      TextView
dialog_tavern,3,ConstraintLayout,,,,,,visible,,,,      ConstraintLayout
dialog_tavern,4,include,money_2,,,,layout_money,visible,,,,        include
dialog_tavern,2,ConstraintLayout,button_upgrade_capacity,,object_border_dim_white,,,visible,,,,    ConstraintLayout
dialog_tavern,3,TextView,upgrade_capacity_description,,,headquarters_tavern_upgrade_capacity,,visible,16sp,bold,,      TextView
dialog_tavern,3,ConstraintLayout,,,,,,visible,,,,      ConstraintLayout
dialog_tavern,4,include,money,,,,layout_money,visible,,,,        include
dialog_tavern,2,View,view11,,,,,visible,,,,    View
dialog_workshop,0,ConstraintLayout,,,,,,visible,,,,ConstraintLayout
dialog_workshop,1,TextView,description1,,,,,visible,,,,  TextView
dialog_workshop,1,androidx.core.widget.NestedScrollView,scrollView,,object_border_no_background,,,visible,,,,  androidx.core.widget.NestedScrollView
dialog_workshop,2,LinearLayout,list,,,,,visible,,,,    LinearLayout
dialog_workshop,1,TextView,exit,,,close,,visible,,bold,dim_white,  TextView
dialog_workshop,1,TextView,empty_list,,,headquarters_workshop_no_items,,visible,,italic|bold,,  TextView
dialog_workshop,1,TextView,recipes,,,headquarters_workshop_recipes_title,,visible,,bold,dim_white,  TextView
dialog_workshop,1,TextView,description2,,,,,visible,,,,  TextView
dialog_workshop,1,TextView,description_help,,,headquarters_workshop_help,,visible,,,,  TextView
dialog_workshop,1,ConstraintLayout,constraintLayout6,,,,,visible,,,,  ConstraintLayout
dialog_workshop,2,View,view3,,,,,visible,,,,    View
dialog_workshop,2,ConstraintLayout,button_upgrade_queue,,object_border_dim_white,,,visible,,,,    ConstraintLayout
dialog_workshop,3,TextView,upgrade_queue_description,,,headquarters_workshop_upgrade_queue,,visible,16sp,bold,,      TextView
dialog_workshop,3,ConstraintLayout,,,,,,visible,,,,      ConstraintLayout
dialog_workshop,4,include,money,,,,layout_money,visible,,,,        include
dialog_workshop,2,ConstraintLayout,button_upgrade_time,,object_border_dim_white,,,visible,,,,    ConstraintLayout
dialog_workshop,3,TextView,upgrade_time_description,,,headquarters_workshop_upgrade_time,,visible,16sp,bold,,      TextView
dialog_workshop,3,ConstraintLayout,,,,,,visible,,,,      ConstraintLayout
dialog_workshop,4,include,money_2,,,,layout_money,visible,,,,        include
dialog_workshop,1,TextView,merchant_pack_bonus,,,headquarters_workshop_market_40_percent_bonus,,visible,,bold,brass_filler,  TextView
fragment_adventurers,0,ConstraintLayout,,,,,,visible,,,,ConstraintLayout
fragment_adventurers,1,ScrollView,scrollView2,,,,,visible,,,,  ScrollView
fragment_adventurers,2,ConstraintLayout,,,,,,visible,,,,    ConstraintLayout
fragment_adventurers,3,LinearLayout,adventurers_list,,,,,visible,,,,      LinearLayout
fragment_adventurers,1,ConstraintLayout,container_order_delete,,,,,visible,,,,  ConstraintLayout
fragment_adventurers,2,ConstraintLayout,slider,,,,,visible,,,,    ConstraintLayout
fragment_adventurers,3,ConstraintLayout,menu_arrow,,lower_drawer_header,,,visible,,,,      ConstraintLayout
fragment_adventurers,4,ImageView,image_arrow,menu_lift,,,,visible,,,,        ImageView
fragment_adventurers,3,ConstraintLayout,menu_commands,,lower_drawer_body,,,visible,,,,      ConstraintLayout
fragment_adventurers,4,TextView,done,,object_border_dim_white,done,,invisible,,bold,,        TextView
fragment_adventurers,4,View,center,,,,,visible,,,,        View
fragment_adventurers,4,TextView,dismiss,,object_border_dim_white,dismiss_adventurer,,visible,,bold,,        TextView
fragment_adventurers,4,TextView,order,,object_border_dim_white,order_adventurers,,visible,,bold,,        TextView
fragment_dungeons,0,ConstraintLayout,container_dungeons,,,,,visible,,,,ConstraintLayout
fragment_dungeons,1,ScrollView,,,,,,visible,,,,  ScrollView
fragment_dungeons,2,ConstraintLayout,,,,,,visible,,,,    ConstraintLayout
fragment_dungeons,3,include,enchanted_forest,,,,layout_dungeon,visible,,,,      include
fragment_dungeons,3,include,the_desert,,,,layout_dungeon,visible,,,,      include
fragment_dungeons,3,include,eternal_battlefield,,,,layout_dungeon,visible,,,,      include
fragment_dungeons,3,include,the_golden_city,,,,layout_dungeon,visible,,,,      include
fragment_dungeons,3,include,blackwater_port,,,,layout_dungeon,visible,,,,      include
fragment_dungeons,3,include,frostbite_peaks,,,,layout_dungeon,visible,,,,      include
fragment_dungeons,3,include,obsidian_mines,,,,layout_dungeon,visible,,,,      include
fragment_dungeons,3,include,the_southern_grove,,,,layout_dungeon,visible,,,,      include
fragment_dungeons,3,include,barren_wastelands,,,,layout_dungeon,visible,,,,      include
fragment_dungeons,3,include,hidden_city_of_larox,,,,layout_dungeon,visible,,,,      include
fragment_dungeons,3,include,lost_lands,,,,layout_dungeon,visible,,,,      include
fragment_headquarters,0,ConstraintLayout,container_headquarters,,,,,visible,,,,ConstraintLayout
fragment_headquarters,1,ScrollView,,,,,,visible,,,,  ScrollView
fragment_headquarters,2,ConstraintLayout,,,,,,visible,,,,    ConstraintLayout
fragment_headquarters,3,ConstraintLayout,quarters_container,,object_border_dim_white,,,visible,,,,      ConstraintLayout
fragment_headquarters,4,TextView,quarters_name,,,headquarters_quarters_name,,visible,20sp,bold,,        TextView
fragment_headquarters,4,TextView,quarters_description,,,,,visible,,,,        TextView
fragment_headquarters,3,ConstraintLayout,tavern_container,,object_border_dim_white,,,visible,,,,      ConstraintLayout
fragment_headquarters,4,TextView,tavern_name,,,headquarters_tavern_name,,visible,20sp,bold,,        TextView
fragment_headquarters,4,ConstraintLayout,container_tavern_description,,,,,visible,,,,        ConstraintLayout
fragment_headquarters,5,TextView,tavern_description,,,,,visible,,,,          TextView
fragment_headquarters,5,TextView,tavern_dot,,,dot,,visible,12sp,bold,,          TextView
fragment_headquarters,5,TextView,tavern_new,,,is_new,,visible,,italic|bold,brass_filler,          TextView
fragment_headquarters,3,ConstraintLayout,storage_container,,object_border_dim_white,,,visible,,,,      ConstraintLayout
fragment_headquarters,4,TextView,storage_name,,,headquarters_storage_name,,visible,20sp,bold,,        TextView
fragment_headquarters,4,TextView,storage_description,,,,,visible,,,,        TextView
fragment_headquarters,3,ConstraintLayout,market_container,,object_border_dim_white,,,visible,,,,      ConstraintLayout
fragment_headquarters,4,TextView,market_name,,,headquarters_market_name,,visible,20sp,bold,,        TextView
fragment_headquarters,4,TextView,market_description,,,,,visible,,,,        TextView
fragment_headquarters,3,ConstraintLayout,workshop_container,,object_border_dim_white,,,visible,,,,      ConstraintLayout
fragment_headquarters,4,TextView,workshop_name,,,headquarters_workshop_name,,visible,20sp,bold,,        TextView
fragment_headquarters,4,TextView,workshop_description,,,,,visible,,,,        TextView
fragment_headquarters,3,ConstraintLayout,shelter_container,,object_border_dim_white,,,visible,,,,      ConstraintLayout
fragment_headquarters,4,TextView,shelter_name,,,headquarters_shelter_name,,visible,20sp,bold,,        TextView
fragment_headquarters,4,TextView,shelter_description,,,,,visible,,,,        TextView
fragment_headquarters,3,ImageView,sign_tavern,sign_tavern,,,,visible,,,,      ImageView
fragment_headquarters,3,ImageView,sign_quarters,sign_quarters,,,,visible,,,,      ImageView
fragment_headquarters,3,ImageView,sign_storage,sign_storage,,,,visible,,,,      ImageView
fragment_headquarters,3,ImageView,sign_market,sign_market,,,,visible,,,,      ImageView
fragment_headquarters,3,ImageView,sign_workshop,sign_workshop,,,,visible,,,,      ImageView
fragment_headquarters,3,ImageView,sign_shelter,sign_shelter,,,,visible,,,,      ImageView
fragment_raids,0,ConstraintLayout,container_dungeons,,,,,visible,,,,ConstraintLayout
fragment_raids,1,ConstraintLayout,container_refreshes,,lower_drawer_body,,,visible,,,,  ConstraintLayout
fragment_raids,2,ConstraintLayout,container_refreshes_raids,,standard_background,,,visible,,,,    ConstraintLayout
fragment_raids,3,TextView,raid_refresh_description,,,raid_time_description,,visible,,bold,,      TextView
fragment_raids,3,TextView,raid_refresh_time,,,,,visible,,bold,,      TextView
fragment_raids,1,ScrollView,,,,,,visible,,,,  ScrollView
fragment_raids,2,ConstraintLayout,,,,,,visible,,,,    ConstraintLayout
fragment_raids,3,include,the_slime_pond,,,,layout_dungeon,visible,,,,      include
fragment_raids,3,include,divine_archeology,,,,layout_dungeon,visible,,,,      include
fragment_raids,3,include,ancient_grave_digging,,,,layout_dungeon,visible,,,,      include
fragment_raids,3,include,imperial_rescue,,,,layout_dungeon,visible,,,,      include
fragment_raids,3,include,the_cultist_rebels,,,,layout_dungeon,visible,,,,      include
fragment_raids,3,include,the_dreadful_ascent,,,,layout_dungeon,visible,,,,      include
fragment_raids,3,include,the_lost_expedition,,,,layout_dungeon,visible,,,,      include
fragment_raids,3,include,celestial_mothership,,,,layout_dungeon,visible,,,,      include
fragment_raids,3,include,the_dire_descent,,,,layout_dungeon,visible,,,,      include
fragment_raids,3,include,sleeping_planet,,,,layout_dungeon,visible,,,,      include
fragment_raids,3,include,kaunis,,,,layout_dungeon,visible,,,,      include
fragment_raids,3,include,the_tower,,,,layout_dungeon,visible,,,,      include
layout_adventurer,0,ConstraintLayout,containerAdventurer,,object_border_dim_white,,,visible,,,,ConstraintLayout
layout_adventurer,1,ImageView,image,,object_border_rounded_left,,,visible,,,,  ImageView
layout_adventurer,1,TextView,name,,,,,visible,16sp,bold,,  TextView
layout_adventurer,1,card.MaterialCardView,cardView,,,,,visible,,,,  card.MaterialCardView
layout_adventurer,2,ImageView,doctrine,,,,,visible,,,,    ImageView
layout_adventurer,1,TextView,traits,,,,,visible,,,brass_border,  TextView
layout_adventurer,1,ImageView,weapon,,object_border_dim_white,,,visible,,,,  ImageView
layout_adventurer,1,ImageView,armor,,object_border_dim_white,,,visible,,,,  ImageView
layout_adventurer,1,ImageView,arrow_up,arrow_up_white,object_border_dim_white,,,invisible,,,,  ImageView
layout_adventurer,1,ImageView,accessory,,object_border_dim_white,,,visible,,,,  ImageView
layout_adventurer,1,ImageView,arrow_down,arrow_down_white,object_border_dim_white,,,invisible,,,,  ImageView
layout_adventurer,1,ImageView,delete,delete,object_border_dim_white,,,invisible,,,,  ImageView
layout_adventurer,1,TextView,level,,,,,visible,10sp,bold,,  TextView
layout_adventurer,1,ImageView,plus_sign,plus_white_half_alpha,,,,gone,,,,  ImageView
layout_adventurer,1,ImageView,expendable_doctrine_points,brass_circle,,,,visible,,,,  ImageView
layout_adventurer_change_trait,0,ConstraintLayout,containerAdventurer,,object_border_dim_white,,,visible,,,,ConstraintLayout
layout_adventurer_change_trait,1,ImageView,image,,object_border_rounded_left,,,visible,,,,  ImageView
layout_adventurer_change_trait,1,TextView,name,,,,,visible,16sp,bold,,  TextView
layout_adventurer_change_trait,1,TextView,traits,,,,,visible,,,brass_border,  TextView
layout_adventurer_change_trait,1,TextView,level,,,,,visible,10sp,bold,,  TextView
layout_adventurer_change_trait,1,card.MaterialCardView,cardView,,,,,visible,,,,  card.MaterialCardView
layout_adventurer_change_trait,2,ImageView,doctrine,,,,,visible,,,,    ImageView
layout_adventurer_potions,0,ConstraintLayout,containerAdventurer,,object_border_dim_white,,,visible,,,,ConstraintLayout
layout_adventurer_potions,1,ImageView,image,,object_border_rounded_left,,,visible,,,,  ImageView
layout_adventurer_potions,1,TextView,name,,,,,visible,16sp,bold,,  TextView
layout_adventurer_potions,1,TextView,traits,,,,,visible,,,brass_border,  TextView
layout_adventurer_potions,1,TextView,level,,,,,visible,10sp,bold,,  TextView
layout_adventurer_potions,1,ConstraintLayout,potions_container,,object_border_rounded_right,,,visible,,,,  ConstraintLayout
layout_adventurer_potions,2,TextView,potion_amount,,,,,visible,,bold,,    TextView
layout_adventurer_potions,1,card.MaterialCardView,cardView,,,,,visible,,,,  card.MaterialCardView
layout_adventurer_potions,2,ImageView,doctrine,,,,,visible,,,,    ImageView
layout_adventurer_promotion,0,ConstraintLayout,containerAdventurer,,object_border_dim_white,,,visible,,,,ConstraintLayout
layout_adventurer_promotion,1,ImageView,promotion_levelup,,object_border_rounded_right,,,visible,,,,  ImageView
layout_adventurer_promotion,1,ImageView,promotion_image,,object_border_rounded_left,,,visible,,,,  ImageView
layout_adventurer_promotion,1,TextView,promotion_name,,,,,visible,16sp,bold,,  TextView
layout_adventurer_promotion,1,TextView,promotion_traits,,,,,visible,,,brass_border,  TextView
layout_adventurer_promotion,1,card.MaterialCardView,cardView,,,,,visible,,,,  card.MaterialCardView
layout_adventurer_promotion,2,ImageView,doctrine,,,,,visible,,,,    ImageView
layout_adventurer_summary,0,ConstraintLayout,,,,,,visible,,,,ConstraintLayout
layout_adventurer_summary,1,ImageView,adventurer_image,,object_border_dim_white,,,visible,,,,  ImageView
layout_adventurer_summary,1,ProgressBar,hp_bar,,,,,visible,,,,  ProgressBar
layout_adventurer_summary_no_margin,0,ConstraintLayout,,,,,,visible,,,,ConstraintLayout
layout_adventurer_summary_no_margin,1,ImageView,adventurer_image,,object_border_dim_white,,,visible,,,,  ImageView
layout_adventurer_summary_no_margin,1,ProgressBar,hp_bar,,,,,visible,,,,  ProgressBar
layout_bestiary_element,0,ConstraintLayout,,,,,,visible,,,,ConstraintLayout
layout_bestiary_element,1,TextView,area_name,,standard_background,,,visible,20sp,bold,,  TextView
layout_bestiary_element,1,view,enemies_grid,,,,,visible,,,,  view
layout_bestiary_enemy,0,ConstraintLayout,,,,,,visible,,,,ConstraintLayout
layout_bestiary_enemy,1,ImageView,image,,object_border_dim_white,,,visible,,,,  ImageView
layout_craft,0,ConstraintLayout,,,,,,visible,,,,ConstraintLayout
layout_craft,1,include,ingredient_1,,,,layout_item,visible,,,,  include
layout_craft,1,TextView,plus_sign_1,,,plus_sign,,visible,,bold,,  TextView
layout_craft,1,include,ingredient_2,,,,layout_item,visible,,,,  include
layout_craft,1,TextView,plus_sign_2,,,plus_sign,,visible,,bold,,  TextView
layout_craft,1,include,ingredient_3,,,,layout_item,visible,,,,  include
layout_craft,1,TextView,arrow,,,arrow_sign,,visible,,bold,,  TextView
layout_craft,1,include,result,,,,layout_item,visible,,,,  include
layout_craft_big,0,ConstraintLayout,,,,,,visible,,,,ConstraintLayout
layout_craft_big,1,include,ingredient_1,,,,layout_item_big,visible,,,,  include
layout_craft_big,1,TextView,plus_sign_1,,,plus_sign,,visible,,bold,,  TextView
layout_craft_big,1,include,ingredient_2,,,,layout_item_big,visible,,,,  include
layout_craft_big,1,TextView,plus_sign_2,,,plus_sign,,visible,,bold,,  TextView
layout_craft_big,1,include,ingredient_3,,,,layout_item_big,visible,,,,  include
layout_craft_big,1,TextView,arrow,,,arrow_sign,,visible,,bold,,  TextView
layout_craft_big,1,include,result,,,,layout_item_big,visible,,,,  include
layout_craft_named,0,ConstraintLayout,,,,,,visible,,,,ConstraintLayout
layout_craft_named,1,include,ingredient_1,,,,layout_item,visible,,,,  include
layout_craft_named,1,TextView,plus_sign_1,,,plus_sign,,visible,,bold,,  TextView
layout_craft_named,1,include,ingredient_2,,,,layout_item,visible,,,,  include
layout_craft_named,1,TextView,plus_sign_2,,,plus_sign,,visible,,bold,,  TextView
layout_craft_named,1,include,ingredient_3,,,,layout_item,visible,,,,  include
layout_craft_named,1,TextView,arrow,,,arrow_sign,,visible,,bold,,  TextView
layout_craft_named,1,include,result,,,,layout_item,visible,,,,  include
layout_craft_named,1,TextView,name,,,,,visible,,bold,,  TextView
layout_doctrine,0,ConstraintLayout,,,object_border_dim_white_square_no_border,,,visible,,,,ConstraintLayout
layout_doctrine,1,androidx.cardview.widget.CardView,cardView,,,,,visible,,,,  androidx.cardview.widget.CardView
layout_doctrine,2,ImageView,doctrine_image,,,,,visible,,,,    ImageView
layout_doctrine,1,TextView,doctrine_name,,,,,visible,16sp,,brass_filler,  TextView
layout_doctrine,1,TextView,doctrine_description,,,,,visible,,,,  TextView
layout_doctrine_ability,0,ConstraintLayout,,,,,,visible,,,,ConstraintLayout
layout_doctrine_ability,1,card.MaterialCardView,cardView,,,,,visible,,,,  card.MaterialCardView
layout_doctrine_ability,2,ImageView,image,,,,,visible,,,,    ImageView
layout_doctrine_ability,1,TextView,level,,object_background_black_round,,,visible,,bold,,  TextView
layout_dungeon,0,ConstraintLayout,,,,,,visible,,,,ConstraintLayout
layout_dungeon,1,ConstraintLayout,container_dungeon,,object_border_dim_white,,,visible,,,,  ConstraintLayout
layout_dungeon,2,imageview.ShapeableImageView,dungeon_image,,,,,visible,,,,    imageview.ShapeableImageView
layout_dungeon,2,TextView,dungeon_title,,,,,visible,24sp,bold,,    TextView
layout_dungeon,2,ConstraintLayout,exploration_tooltip,,,,,visible,,,,    ConstraintLayout
layout_dungeon,3,HorizontalScrollView,dungeon_adventurers_exploring_scroller,,,,,visible,,,,      HorizontalScrollView
layout_dungeon,4,LinearLayout,dungeon_adventurers_exploring,,,,,visible,,,,        LinearLayout
layout_dungeon,5,include,adventurer_image_1,,,,layout_adventurer_summary_no_margin,visible,,,,          include
layout_dungeon,5,include,adventurer_image_2,,,,layout_adventurer_summary,visible,,,,          include
layout_dungeon,5,include,adventurer_image_3,,,,layout_adventurer_summary,visible,,,,          include
layout_dungeon,5,include,adventurer_image_4,,,,layout_adventurer_summary,visible,,,,          include
layout_dungeon,5,include,adventurer_image_5,,,,layout_adventurer_summary,visible,,,,          include
layout_dungeon,5,include,adventurer_image_6,,,,layout_adventurer_summary,visible,,,,          include
layout_dungeon,5,include,adventurer_image_7,,,,layout_adventurer_summary,visible,,,,          include
layout_dungeon,5,include,adventurer_image_8,,,,layout_adventurer_summary,visible,,,,          include
layout_dungeon,5,include,adventurer_image_9,,,,layout_adventurer_summary,visible,,,,          include
layout_dungeon,5,include,adventurer_image_10,,,,layout_adventurer_summary,visible,,,,          include
layout_dungeon,5,include,adventurer_image_11,,,,layout_adventurer_summary,visible,,,,          include
layout_dungeon,5,include,adventurer_image_12,,,,layout_adventurer_summary,visible,,,,          include
layout_dungeon,5,include,adventurer_image_13,,,,layout_adventurer_summary,visible,,,,          include
layout_dungeon,5,include,adventurer_image_14,,,,layout_adventurer_summary,visible,,,,          include
layout_dungeon,3,TextView,action_description,,,,,visible,,,,      TextView
layout_dungeon,3,ProgressBar,action_progress,,,,,visible,,,,      ProgressBar
layout_dungeon,2,ImageView,loot_image,,object_border_dim_white_extra_opaque,,,visible,,,,    ImageView
layout_dungeon,2,ImageView,raid_try_available,,,,,visible,,,,    ImageView
layout_dungeon,2,ImageView,epic_raid,epic_raid,,,,visible,,,,    ImageView
layout_dungeon,2,TextView,full_loot,,,,,visible,12sp,bold,,    TextView
layout_dungeon,2,ImageView,pet,,object_border_dim_white_extra_opaque,,,visible,,,,    ImageView
layout_entity_fighting,0,ConstraintLayout,,,,,,visible,,,,ConstraintLayout
layout_entity_fighting,1,ProgressBar,mana_bar,,,,,visible,,,,  ProgressBar
layout_entity_fighting,1,ProgressBar,hp_bar,,,,,visible,,,,  ProgressBar
layout_entity_fighting,1,ProgressBar,shield_bar,,,,,visible,,,,  ProgressBar
layout_entity_fighting,1,ImageView,image,,,,,visible,,,,  ImageView
layout_entity_fighting,1,ImageView,status1,,,,,visible,,,,  ImageView
layout_entity_fighting,1,ImageView,status2,,,,,visible,,,,  ImageView
layout_entity_fighting,1,ImageView,status3,,,,,visible,,,,  ImageView
layout_entity_fighting,1,ImageView,animation,,,,,visible,,,,  ImageView
layout_item,0,ConstraintLayout,,,,,,visible,,,,ConstraintLayout
layout_item,1,ImageView,image,,,,,visible,,,,  ImageView
layout_item,1,TextView,stack,,,,,visible,10sp,bold,,  TextView
layout_item_big,0,ConstraintLayout,,,,,,visible,,,,ConstraintLayout
layout_item_big,1,ImageView,image,,,,,visible,,,,  ImageView
layout_item_big,1,TextView,stack,,,,,visible,12sp,bold,,  TextView
layout_item_big_grid,0,ConstraintLayout,,,,,,visible,,,,ConstraintLayout
layout_item_big_grid,1,ImageView,image,,,,,visible,,,,  ImageView
layout_item_big_grid,1,TextView,stack,,,,,visible,12sp,bold,,  TextView
layout_king_message,0,ConstraintLayout,,,object_border_dim_white_square_no_border,,,visible,,,,ConstraintLayout
layout_king_message,1,TextView,message_text,,,,,visible,16sp,bold,,  TextView
layout_market_item,0,ConstraintLayout,containerItemWorkshop,,object_border_dim_white,,,visible,,,,ConstraintLayout
layout_market_item,1,include,item,,,,layout_item_big,visible,,,,  include
layout_market_item,1,TextView,name,,,,,visible,16sp,bold,,  TextView
layout_market_item,1,TextView,time_to_completion,,,,,visible,,bold,,  TextView
layout_market_item,1,ProgressBar,progressBar,,,,,visible,,,,  ProgressBar
layout_market_item,1,ConstraintLayout,container_actions,,,,,visible,,,,  ConstraintLayout
layout_market_item,2,ImageView,cancel,delete,object_border_rounded_right,,,visible,,,,    ImageView
layout_market_item,2,ConstraintLayout,price_container,,object_border_rounded_right,,,visible,,,,    ConstraintLayout
layout_market_item,3,include,price,,,,layout_money,visible,,,,      include
layout_money,0,ConstraintLayout,,,,,,visible,,,,ConstraintLayout
layout_money,1,ImageView,image_copper,coin_copper,,,,visible,,,,  ImageView
layout_money,1,TextView,amount_copper,,,,,visible,16sp,bold,,  TextView
layout_money,1,ImageView,image_silver,coin_silver,,,,visible,,,,  ImageView
layout_money,1,TextView,amount_silver,,,,,visible,16sp,bold,,  TextView
layout_money,1,ImageView,image_gold,coin_gold,,,,visible,,,,  ImageView
layout_money,1,TextView,amount_gold,,,,,visible,16sp,bold,,  TextView
layout_money,1,ImageView,image_platinum,coin_platinum,,,,visible,,,,  ImageView
layout_money,1,TextView,amount_platinum,,,,,visible,16sp,bold,,  TextView
layout_pet_feeding,0,ConstraintLayout,containerPet,,object_border_dim_white,,,visible,,,,ConstraintLayout
layout_pet_feeding,1,ProgressBar,detail_food_bar,,,,,visible,,,,  ProgressBar
layout_pet_feeding,1,TextView,detail_food,,,,,visible,,,,  TextView
layout_pet_feeding,1,ImageView,image,,object_border_rounded_left,,,visible,,,,  ImageView
layout_pet_feeding,1,TextView,name,,,,,visible,16sp,bold,,  TextView
layout_pet_feeding,1,TextView,level,,,,,visible,10sp,bold,,  TextView
layout_pet_feeding,1,ImageView,confirm,check_brass,object_border_rounded_right,,,visible,,,,  ImageView
layout_pet_grid,0,ConstraintLayout,,,,,,visible,,,,ConstraintLayout
layout_pet_grid,1,ImageView,image,,object_border_dim_white,,,visible,,,,  ImageView
layout_pet_grid,1,TextView,level,,,,,visible,12sp,bold,,  TextView
layout_pet_grid,1,ImageView,autofeed,autofeed_icon,,,,visible,,,,  ImageView
layout_promote_adventurer,0,ConstraintLayout,containerAdventurer,,object_border_dim_white,,,visible,,,,ConstraintLayout
layout_promote_adventurer,1,ImageView,image,,object_border_dim_white,,,visible,,,,  ImageView
layout_promote_adventurer,1,TextView,name,,,,,visible,16sp,bold,,  TextView
layout_promote_adventurer,1,TextView,traits,,,,,visible,,,brass_border,  TextView
layout_promote_adventurer,1,TextView,level,,,,,visible,,,,  TextView
layout_promote_adventurer,1,ImageView,weapon,,object_border_dim_white,,,visible,,,,  ImageView
layout_promote_adventurer,1,ImageView,accessory,,object_border_dim_white,,,visible,,,,  ImageView
layout_promote_adventurer,1,TextView,select_promotion,,object_border_brass,adventurers_dialog_confirm_promotion_ok,,visible,16sp,bold,brass_border,  TextView
layout_quest,0,ConstraintLayout,,,,,,visible,,,,ConstraintLayout
layout_quest,1,ConstraintLayout,,,object_border_dim_white_square_no_border,,,visible,,,,  ConstraintLayout
layout_quest,2,TextView,quest_name,,,,,visible,,bold,,    TextView
layout_quest,2,TextView,quest_reward,,,,,visible,,,brass_filler,    TextView
layout_quest,2,ConstraintLayout,quest_reward_clickable,,object_border_brass,,,visible,,,,    ConstraintLayout
layout_quest,3,ConstraintLayout,,,,,,visible,,,,      ConstraintLayout
layout_quest,4,TextView,quest_reward_clickable_text,,,,,visible,,,brass_filler,        TextView
layout_quest,4,ImageView,quest_reward_clickable_gems,gem,,,,visible,,,,        ImageView
layout_quest,2,ProgressBar,quest_progress,,,,,visible,,,,    ProgressBar
layout_quest,2,TextView,quest_description,,,,,visible,,,,    TextView
layout_quest,2,ImageView,quest_reward_gems,gem,,,,visible,,,,    ImageView
layout_select_equipment,0,ConstraintLayout,containerItemSelectEquipment,,object_border_dim_white,,,visible,,,,ConstraintLayout
layout_select_equipment,1,include,item,,,,layout_item_big,visible,,,,  include
layout_select_equipment,1,TextView,name,,,,,visible,14sp,bold,,  TextView
layout_select_equipment,1,TextView,gain,,,,,visible,12sp,bold,,  TextView
layout_select_equipment,1,TextView,loss,,,,,visible,12sp,bold,,  TextView
layout_select_equipment,1,TextView,effect,,,,,visible,12sp,bold,,  TextView
layout_tavern_adventurer,0,ConstraintLayout,containerAdventurerTavern,,object_border_dim_white,,,visible,,,,ConstraintLayout
layout_tavern_adventurer,1,ImageView,image,,object_border_rounded_left,,,visible,,,,  ImageView
layout_tavern_adventurer,1,TextView,name,,,,,visible,16sp,bold,,  TextView
layout_tavern_adventurer,1,TextView,traits,,,,,visible,,,brass_border,  TextView
layout_tavern_adventurer,1,TextView,is_new,,,,,visible,16sp,italic|bold,brass_border,  TextView
layout_tavern_adventurer,1,TextView,recruit_button,,object_border_rounded_right,recruit,,visible,,bold,,  TextView
layout_trait,0,ConstraintLayout,container_trait,,object_border_dim_white,,,visible,,,,ConstraintLayout
layout_trait,1,TextView,name,,,,,visible,14sp,bold,brass_filler,  TextView
layout_trait,1,TextView,description,,,,,visible,,,,  TextView
layout_workshop_item,0,ConstraintLayout,containerItemWorkshop,,object_border_dim_white,,,visible,,,,ConstraintLayout
layout_workshop_item,1,include,item,,,,layout_item_big,visible,,,,  include
layout_workshop_item,1,ImageView,action,,object_border_rounded_right,,,visible,,,,  ImageView
layout_workshop_item,1,TextView,name,,,,,visible,16sp,bold,,  TextView
layout_workshop_item,1,TextView,time_to_completion,,,,,visible,,bold,,  TextView
layout_workshop_item,1,ProgressBar,progressBar,,,,,visible,,,,  ProgressBar
