FileName,RootTag,GameSpecific
_avd_hide_password__0_res_0x7f080000.xml,vector,True
_avd_hide_password__1_res_0x7f080001.xml,objectAnimator,True
_avd_hide_password__2_res_0x7f080002.xml,objectAnimator,True
_avd_show_password__0_res_0x7f080003.xml,vector,True
_avd_show_password__1_res_0x7f080004.xml,objectAnimator,True
_avd_show_password__2_res_0x7f080005.xml,objectAnimator,True
_launcher_foreground__0_res_0x7f080006.xml,gradient,True
abc_action_bar_item_background_material.xml,ripple,False
abc_btn_borderless_material.xml,selector,False
abc_btn_check_material.xml,selector,False
abc_btn_check_material_anim.xml,animated-selector,False
abc_btn_colored_material.xml,inset,False
abc_btn_default_mtrl_shape.xml,inset,False
abc_btn_radio_material.xml,selector,False
abc_btn_radio_material_anim.xml,animated-selector,False
abc_cab_background_internal_bg.xml,shape,False
abc_cab_background_top_material.xml,shape,False
abc_control_background_material.xml,ripple,False
abc_dialog_material_background.xml,inset,False
abc_edit_text_material.xml,inset,False
abc_ic_ab_back_material.xml,vector,False
abc_ic_arrow_drop_right_black_24dp.xml,vector,False
abc_ic_clear_material.xml,vector,False
abc_ic_go_search_api_material.xml,vector,False
abc_ic_menu_copy_mtrl_am_alpha.xml,vector,False
abc_ic_menu_cut_mtrl_alpha.xml,vector,False
abc_ic_menu_overflow_material.xml,vector,False
abc_ic_menu_paste_mtrl_am_alpha.xml,vector,False
abc_ic_menu_selectall_mtrl_alpha.xml,vector,False
abc_ic_menu_share_mtrl_alpha.xml,vector,False
abc_ic_search_api_material.xml,vector,False
abc_ic_voice_search_api_material.xml,vector,False
abc_item_background_holo_dark.xml,selector,False
abc_item_background_holo_light.xml,selector,False
abc_list_divider_material.xml,shape,False
abc_list_selector_background_transition_holo_dark.xml,transition,False
abc_list_selector_background_transition_holo_light.xml,transition,False
abc_list_selector_holo_dark.xml,selector,False
abc_list_selector_holo_light.xml,selector,False
abc_ratingbar_indicator_material.xml,layer-list,False
abc_ratingbar_material.xml,layer-list,False
abc_ratingbar_small_material.xml,layer-list,False
abc_seekbar_thumb_material.xml,selector,False
abc_seekbar_tick_mark_material.xml,shape,False
abc_seekbar_track_material.xml,layer-list,False
abc_spinner_textfield_background_material.xml,inset,False
abc_star_black_48dp.xml,vector,False
abc_star_half_black_48dp.xml,vector,False
abc_switch_thumb_material.xml,selector,False
abc_tab_indicator_material.xml,selector,False
abc_text_cursor_material.xml,shape,False
abc_textfield_search_material.xml,selector,False
abc_vector_test.xml,vector,False
admob_close_button_black_circle_white_cross.xml,vector,True
admob_close_button_white_circle_black_cross.xml,vector,True
admob_close_button_white_cross.xml,vector,True
arrow_down_white.xml,vector,True
arrow_left.xml,vector,True
arrow_right.xml,vector,True
arrow_up_brass.xml,vector,True
arrow_up_white.xml,vector,True
autofeed_icon.xml,vector,True
avd_hide_password.xml,animated-vector,False
avd_show_password.xml,animated-vector,False
bottom_nav_castle.xml,vector,True
bottom_nav_color_selector.xml,selector,True
brass_circle.xml,vector,True
btn_checkbox_checked_mtrl.xml,vector,True
btn_checkbox_checked_to_unchecked_mtrl_animation.xml,animated-vector,True
btn_checkbox_unchecked_mtrl.xml,vector,True
btn_checkbox_unchecked_to_checked_mtrl_animation.xml,animated-vector,True
btn_radio_off_mtrl.xml,vector,True
btn_radio_off_to_on_mtrl_animation.xml,animated-vector,True
btn_radio_on_mtrl.xml,vector,True
btn_radio_on_to_off_mtrl_animation.xml,animated-vector,True
check_brass.xml,vector,True
circle_border.xml,shape,True
common_google_signin_btn_icon_dark.xml,selector,True
common_google_signin_btn_icon_dark_focused.xml,layer-list,True
common_google_signin_btn_icon_dark_normal.xml,layer-list,True
common_google_signin_btn_icon_disabled.xml,layer-list,True
common_google_signin_btn_icon_light.xml,selector,True
common_google_signin_btn_icon_light_focused.xml,layer-list,True
common_google_signin_btn_icon_light_normal.xml,layer-list,True
common_google_signin_btn_text_dark.xml,selector,True
common_google_signin_btn_text_dark_focused.xml,layer-list,True
common_google_signin_btn_text_dark_normal.xml,layer-list,True
common_google_signin_btn_text_disabled.xml,layer-list,True
common_google_signin_btn_text_light.xml,selector,True
common_google_signin_btn_text_light_focused.xml,layer-list,True
common_google_signin_btn_text_light_normal.xml,layer-list,True
delete.xml,vector,True
design_fab_background.xml,shape,False
design_ic_visibility.xml,vector,False
design_ic_visibility_off.xml,vector,False
design_password_eye.xml,animated-selector,False
design_snackbar_background.xml,shape,False
dialog_border.xml,shape,True
drawer_icon_cloud.xml,vector,True
drawer_icon_redeem_code.xml,vector,True
drawer_icon_settings.xml,vector,True
help.xml,vector,True
ic_call_answer.xml,vector,True
ic_call_answer_low.xml,vector,True
ic_call_answer_video.xml,vector,True
ic_call_answer_video_low.xml,vector,True
ic_call_decline.xml,vector,True
ic_call_decline_low.xml,vector,True
ic_clock_black_24dp.xml,vector,True
ic_keyboard_black_24dp.xml,vector,True
ic_m3_chip_check.xml,vector,True
ic_m3_chip_checked_circle.xml,vector,True
ic_m3_chip_close.xml,vector,True
ic_mtrl_checked_circle.xml,vector,False
ic_mtrl_chip_checked_black.xml,vector,False
ic_mtrl_chip_checked_circle.xml,vector,False
ic_mtrl_chip_close_circle.xml,vector,False
info.xml,vector,True
launcher_background.xml,vector,True
launcher_foreground.xml,vector,True
lock_close.xml,vector,True
lock_close_transparent.xml,vector,True
lock_open.xml,vector,True
m3_appbar_background.xml,layer-list,True
m3_popupmenu_background_overlay.xml,layer-list,True
m3_radiobutton_ripple.xml,ripple,True
m3_selection_control_ripple.xml,ripple,True
m3_tabs_background.xml,layer-list,True
m3_tabs_line_indicator.xml,shape,True
m3_tabs_rounded_line_indicator.xml,layer-list,True
m3_tabs_transparent_background.xml,layer-list,True
material_cursor_drawable.xml,shape,False
material_ic_calendar_black_24dp.xml,vector,False
material_ic_clear_black_24dp.xml,vector,False
material_ic_edit_black_24dp.xml,vector,False
material_ic_keyboard_arrow_left_black_24dp.xml,vector,False
material_ic_keyboard_arrow_right_black_24dp.xml,vector,False
material_ic_menu_arrow_down_black_24dp.xml,vector,False
material_ic_menu_arrow_up_black_24dp.xml,vector,False
menu_drop.xml,vector,True
menu_lift.xml,vector,True
mtrl_dialog_background.xml,inset,False
mtrl_dropdown_arrow.xml,selector,False
mtrl_ic_arrow_drop_down.xml,vector,False
mtrl_ic_arrow_drop_up.xml,vector,False
mtrl_ic_cancel.xml,vector,False
mtrl_ic_error.xml,vector,False
mtrl_navigation_bar_item_background.xml,ripple,False
mtrl_popupmenu_background.xml,shape,False
mtrl_popupmenu_background_overlay.xml,layer-list,False
mtrl_tabs_default_indicator.xml,selector,False
navigation_empty_icon.xml,shape,True
notification_action_background.xml,ripple,False
notification_bg.xml,selector,False
notification_bg_low.xml,selector,False
notification_icon_background.xml,shape,False
notification_tile_bg.xml,bitmap,False
object_background_black_round.xml,shape,True
object_border_ascended.xml,shape,True
object_border_ascended_extra_opaque.xml,shape,True
object_border_black.xml,shape,True
object_border_brass.xml,shape,True
object_border_brass_rounded_right.xml,shape,True
object_border_brass_sharp.xml,shape,True
object_border_buy.xml,shape,True
object_border_dim_white.xml,shape,True
object_border_dim_white_extra_opaque.xml,shape,True
object_border_dim_white_square_no_border.xml,shape,True
object_border_gray.xml,shape,True
object_border_no_background.xml,shape,True
object_border_no_background_no_border.xml,shape,True
object_border_no_top.xml,layer-list,True
object_border_rounded_down.xml,shape,True
object_border_rounded_left.xml,shape,True
object_border_rounded_left_ascended.xml,shape,True
object_border_rounded_right.xml,shape,True
object_border_rounded_right_ascended.xml,shape,True
object_border_unavailable.xml,shape,True
object_border_unavailable_rounded_right.xml,shape,True
object_empty_adventurer.xml,shape,True
object_empty_space_8dp.xml,shape,True
object_empty_space_8dp_horizontal.xml,shape,True
offline_dialog_background.xml,shape,True
offline_dialog_default_icon_42dp.xml,vector,True
plus_white_half_alpha.xml,vector,True
rarity_border_common.xml,shape,True
rarity_border_epic.xml,shape,True
rarity_border_legendary.xml,shape,True
rarity_border_rare.xml,shape,True
rarity_border_uncommon.xml,shape,True
sign_minus.xml,vector,True
sign_plus.xml,vector,True
sign_plus_white.xml,vector,True
swap_equipment.xml,vector,True
test_custom_background.xml,shape,True
test_level_drawable.xml,shape,True
tooltip_frame_dark.xml,shape,False
tooltip_frame_light.xml,shape,False
vector_menu.xml,vector,True
