Screen,JavaClass,DrawableName,Source
activity_main,MainActivity.java,advertisement,XML
activity_main,MainActivity.java,bottom_nav_color_selector,XML
activity_main,MainActivity.java,brass_circle,XML
activity_main,MainActivity.java,gem,XML
activity_main,MainActivity.java,king_message,XML
activity_main,MainActivity.java,merchant,XML
activity_main,MainActivity.java,object_border_brass,XML
activity_main,MainActivity.java,object_border_dim_white,XML
activity_main,MainActivity.java,quest_marker,XML
activity_main,MainActivity.java,shop,XML
activity_main,MainActivity.java,tutorial_icon,XML
activity_main,MainActivity.java,vector_menu,XML
dialog_buy_from_merchant,DialogBuyFromMerchant.java,gem,XML
dialog_buy_from_merchant,DialogBuyFromMerchant.java,object_border_brass,XML
dialog_buy_from_merchant,DialogBuyFromMerchant.java,object_border_dim_white,XML
dialog_change_trait_rare,DialogChangeTraitRare.java,object_border_no_background,XML
dialog_change_trait_rare,DialogChangeTraitRare.java,object_empty_space_8dp,XML
dialog_choose_adventurer,DialogChooseAdventurer.java,object_border_no_background,XML
dialog_choose_adventurer,DialogChooseAdventurer.java,object_empty_space_8dp,XML
dialog_choose_pet,DialogChoosePet.java,object_border_no_background,XML
dialog_consume_evo23,DialogConsumeEvo23.java,object_border_ascended,Java
dialog_consume_evo23,DialogConsumeEvo23.java,object_border_no_background,XML
dialog_consume_evo23,DialogConsumeEvo23.java,object_border_rounded_left_ascended,Java
dialog_consume_evo23,DialogConsumeEvo23.java,object_empty_space_8dp,XML
dialog_consume_food,DialogConsumeFood.java,object_border_dim_white,XML
dialog_consume_food,DialogConsumeFood.java,object_border_no_background,XML
dialog_consume_food,DialogConsumeFood.java,object_empty_space_8dp,XML
dialog_consume_intercession,DialogConsumeIntercession.java,object_border_no_background,XML
dialog_consume_intercession,DialogConsumeIntercession.java,object_empty_space_8dp,XML
dialog_consume_potion,DialogConsumePotion.java,object_border_ascended,Java
dialog_consume_potion,DialogConsumePotion.java,object_border_dim_white,XML
dialog_consume_potion,DialogConsumePotion.java,object_border_no_background,XML
dialog_consume_potion,DialogConsumePotion.java,object_border_rounded_left_ascended,Java
dialog_consume_potion,DialogConsumePotion.java,object_border_rounded_right_ascended,Java
dialog_consume_potion,DialogConsumePotion.java,object_empty_space_8dp,XML
dialog_consume_potion_of_clumsiness,DialogConsumePotionOfClumsiness.java,object_border_ascended,Java
dialog_consume_potion_of_clumsiness,DialogConsumePotionOfClumsiness.java,object_border_no_background,XML
dialog_consume_potion_of_clumsiness,DialogConsumePotionOfClumsiness.java,object_border_rounded_left_ascended,Java
dialog_consume_potion_of_clumsiness,DialogConsumePotionOfClumsiness.java,object_empty_space_8dp,XML
dialog_consume_potion_of_rejuvenation,DialogConsumePotionOfRejuvenation.java,object_border_ascended,Java
dialog_consume_potion_of_rejuvenation,DialogConsumePotionOfRejuvenation.java,object_border_no_background,XML
dialog_consume_potion_of_rejuvenation,DialogConsumePotionOfRejuvenation.java,object_border_rounded_left_ascended,Java
dialog_consume_potion_of_rejuvenation,DialogConsumePotionOfRejuvenation.java,object_empty_space_8dp,XML
dialog_craft,DialogCraft.java,object_border_dim_white,XML
dialog_craft,DialogCraft.java,sign_minus,XML
dialog_craft,DialogCraft.java,sign_plus,XML
dialog_doctrine,DialogDoctrine.java,object_border_dim_white,XML
dialog_doctrine,DialogDoctrine.java,object_border_no_background,XML
dialog_doctrine,DialogDoctrine.java,sign_minus,XML
dialog_doctrine,DialogDoctrine.java,sign_plus,XML
dialog_doctrine_reset,DialogDoctrineReset.java,gem,XML
dialog_doctrine_reset,DialogDoctrineReset.java,object_border_brass,XML
dialog_dungeon_detail,DialogDungeonDetail.java,animated_icon_damaged,Java
dialog_dungeon_detail,DialogDungeonDetail.java,darkness_0,Java
dialog_dungeon_detail,DialogDungeonDetail.java,darkness_1,Java
dialog_dungeon_detail,DialogDungeonDetail.java,darkness_2,Java
dialog_dungeon_detail,DialogDungeonDetail.java,darkness_3,Java
dialog_dungeon_detail,DialogDungeonDetail.java,darkness_4,Java
dialog_dungeon_detail,DialogDungeonDetail.java,darkness_5,Java
dialog_dungeon_detail,DialogDungeonDetail.java,object_border_no_background,XML
dialog_dungeon_detail,DialogDungeonDetail.java,test_area_image_detail_forest,XML
dialog_dungeon_detail,DialogDungeonDetail.java,tombstone,Java
dialog_entity_detail,DialogEntityDetail.java,arrow_left,XML
dialog_entity_detail,DialogEntityDetail.java,arrow_right,XML
dialog_entity_detail,DialogEntityDetail.java,arrow_up_brass_multiple,XML
dialog_entity_detail,DialogEntityDetail.java,brass_circle,XML
dialog_entity_detail,DialogEntityDetail.java,object_border_ascended,Java
dialog_entity_detail,DialogEntityDetail.java,object_border_ascended_extra_opaque,Java
dialog_entity_detail,DialogEntityDetail.java,object_border_brass,XML
dialog_entity_detail,DialogEntityDetail.java,object_border_dim_white,XML+Java
dialog_entity_detail,DialogEntityDetail.java,object_border_dim_white_extra_opaque,Java
dialog_entity_detail,DialogEntityDetail.java,object_border_no_background,XML
dialog_entity_detail,DialogEntityDetail.java,object_empty_space_8dp_horizontal,XML
dialog_entity_detail,DialogEntityDetail.java,potion_of_agility,XML
dialog_entity_detail,DialogEntityDetail.java,potion_of_constitution,XML
dialog_entity_detail,DialogEntityDetail.java,potion_of_darkness,XML
dialog_entity_detail,DialogEntityDetail.java,potion_of_defense,XML
dialog_entity_detail,DialogEntityDetail.java,potion_of_dexterity,XML
dialog_entity_detail,DialogEntityDetail.java,potion_of_health,XML
dialog_entity_detail,DialogEntityDetail.java,potion_of_immunity,XML
dialog_entity_detail,DialogEntityDetail.java,potion_of_intelligence,XML
dialog_entity_detail,DialogEntityDetail.java,potion_of_magic_defense,XML
dialog_entity_detail,DialogEntityDetail.java,potion_of_precision,XML
dialog_entity_detail,DialogEntityDetail.java,potion_of_viciousness,XML
dialog_entity_detail,DialogEntityDetail.java,swap_equipment,XML
dialog_entity_detail,DialogEntityDetail.java,unknown,Java
dialog_item_detail,DialogItemDetail.java,hammer,XML
dialog_item_detail,DialogItemDetail.java,object_border_dim_white,XML
dialog_item_detail,DialogItemDetail.java,object_border_no_background,XML
dialog_market,DialogMarket.java,object_border_dim_white,XML
dialog_market,DialogMarket.java,object_border_no_background,XML
dialog_market,DialogMarket.java,object_border_rounded_left,Java
dialog_market,DialogMarket.java,object_empty_space_8dp,XML
dialog_merge_pet,DialogMergePet.java,object_border_dim_white,XML
dialog_merge_pet,DialogMergePet.java,object_border_no_background,XML
dialog_merge_pet,DialogMergePet.java,object_empty_space_8dp,XML
dialog_pet_detail,DialogPetDetail.java,lock_close_transparent,XML
dialog_pet_detail,DialogPetDetail.java,object_border_dim_white,XML
dialog_promotion_choices,DialogPromotionChoices.java,check_brass,Java
dialog_promotion_choices,DialogPromotionChoices.java,object_border_ascended,Java
dialog_promotion_choices,DialogPromotionChoices.java,object_border_rounded_left_ascended,Java
dialog_promotion_choices,DialogPromotionChoices.java,object_border_rounded_right_ascended,Java
dialog_promotion_choices,DialogPromotionChoices.java,object_empty_space_8dp,XML
dialog_quarters,DialogQuarters.java,object_border_dim_white,XML
dialog_recall_adventurers,DialogRecallAdventurers.java,object_border_no_background,XML
dialog_recall_adventurers,DialogRecallAdventurers.java,object_empty_space_8dp,XML
dialog_recipes,DialogRecipes.java,object_border_no_background,XML
dialog_refill_raid_try,DialogRefillRaidTry.java,gem,XML
dialog_refill_raid_try,DialogRefillRaidTry.java,object_border_brass,XML
dialog_refresh_quests,DialogRefreshQuests.java,gem,XML
dialog_refresh_quests,DialogRefreshQuests.java,object_border_brass,XML
dialog_select_equipment,DialogSelectEquipment.java,object_border_no_background,XML
dialog_select_equipment,DialogSelectEquipment.java,object_border_rounded_left,Java
dialog_select_equipment,DialogSelectEquipment.java,object_empty_space_8dp,XML
dialog_sell,DialogSell.java,object_border_dim_white,XML
dialog_sell,DialogSell.java,sign_minus,XML
dialog_sell,DialogSell.java,sign_plus,XML
dialog_send_team,DialogSendTeam.java,object_border_dim_white,XML+Java
dialog_send_team,DialogSendTeam.java,object_border_rounded_left,Java
dialog_send_team,DialogSendTeam.java,plus_white_half_alpha,XML
dialog_settings,DialogSettings.java,object_border_brass,XML
dialog_shelter,DialogShelter.java,object_border_dim_white,XML
dialog_shelter,DialogShelter.java,object_border_no_background,XML
dialog_shop,DialogShop.java,check_brass,XML
dialog_shop,DialogShop.java,dreamcatcher,XML
dialog_shop,DialogShop.java,evo23_vial,XML
dialog_shop,DialogShop.java,gem,XML
dialog_shop,DialogShop.java,hourglass,XML
dialog_shop,DialogShop.java,info,XML
dialog_shop,DialogShop.java,intercession,XML
dialog_shop,DialogShop.java,loot_chest,XML
dialog_shop,DialogShop.java,no_ads,XML
dialog_shop,DialogShop.java,object_border_brass,XML
dialog_shop,DialogShop.java,object_border_brass_rounded_right,XML
dialog_shop,DialogShop.java,object_border_buy,XML
dialog_shop,DialogShop.java,object_border_dim_white,XML
dialog_shop,DialogShop.java,shop_1,XML
dialog_shop,DialogShop.java,shop_2,XML
dialog_shop,DialogShop.java,shop_4,XML
dialog_storage,DialogStorage.java,menu_drop,XML+Java
dialog_storage,DialogStorage.java,menu_lift,Java
dialog_storage,DialogStorage.java,object_border_dim_white,XML
dialog_storage,DialogStorage.java,object_border_dim_white_square_no_border,XML
dialog_storage,DialogStorage.java,object_border_no_background,XML
dialog_tavern,DialogTavern.java,lock_close,Java
dialog_tavern,DialogTavern.java,lock_open,Java
dialog_tavern,DialogTavern.java,object_border_dim_white,XML
dialog_tavern,DialogTavern.java,object_border_no_background,XML
dialog_tavern,DialogTavern.java,object_border_unavailable_rounded_right,Java
dialog_tavern,DialogTavern.java,object_empty_space_8dp,XML
dialog_workshop,DialogWorkshop.java,check_brass,Java
dialog_workshop,DialogWorkshop.java,delete,Java
dialog_workshop,DialogWorkshop.java,object_border_dim_white,XML
dialog_workshop,DialogWorkshop.java,object_border_no_background,XML
dialog_workshop,DialogWorkshop.java,object_border_rounded_left,Java
dialog_workshop,DialogWorkshop.java,object_empty_space_8dp,XML
fragment_adventurers,AdventurersFragment.java,menu_drop,Java
fragment_adventurers,AdventurersFragment.java,menu_lift,XML+Java
fragment_adventurers,AdventurersFragment.java,object_border_dim_white,XML
fragment_adventurers,AdventurersFragment.java,object_empty_space_8dp,XML
fragment_headquarters,HeadquartersFragment.java,object_border_dim_white,XML
fragment_headquarters,HeadquartersFragment.java,sign_market,XML
fragment_headquarters,HeadquartersFragment.java,sign_quarters,XML
fragment_headquarters,HeadquartersFragment.java,sign_shelter,XML
fragment_headquarters,HeadquartersFragment.java,sign_storage,XML
fragment_headquarters,HeadquartersFragment.java,sign_tavern,XML
fragment_headquarters,HeadquartersFragment.java,sign_workshop,XML
layout_adventurer,,arrow_down_white,XML
layout_adventurer,,arrow_up_white,XML
layout_adventurer,,brass_circle,XML
layout_adventurer,,delete,XML
layout_adventurer,,object_border_dim_white,XML
layout_adventurer,,object_border_rounded_left,XML
layout_adventurer,,plus_white_half_alpha,XML
layout_adventurer_change_trait,,object_border_dim_white,XML
layout_adventurer_change_trait,,object_border_rounded_left,XML
layout_adventurer_potions,,object_border_dim_white,XML
layout_adventurer_potions,,object_border_rounded_left,XML
layout_adventurer_potions,,object_border_rounded_right,XML
layout_adventurer_promotion,,object_border_dim_white,XML
layout_adventurer_promotion,,object_border_rounded_left,XML
layout_adventurer_promotion,,object_border_rounded_right,XML
layout_adventurer_summary,,object_border_dim_white,XML
layout_adventurer_summary_no_margin,,object_border_dim_white,XML
layout_bestiary_enemy,,object_border_dim_white,XML
layout_doctrine,,object_border_dim_white_square_no_border,XML
layout_doctrine_ability,,object_background_black_round,XML
layout_dungeon,,epic_raid,XML
layout_dungeon,,object_border_dim_white,XML
layout_dungeon,,object_border_dim_white_extra_opaque,XML
layout_king_message,,object_border_dim_white_square_no_border,XML
layout_market_item,,delete,XML
layout_market_item,,object_border_dim_white,XML
layout_market_item,,object_border_rounded_right,XML
layout_money,,coin_copper,XML
layout_money,,coin_gold,XML
layout_money,,coin_platinum,XML
layout_money,,coin_silver,XML
layout_pet_feeding,,check_brass,XML
layout_pet_feeding,,object_border_dim_white,XML
layout_pet_feeding,,object_border_rounded_left,XML
layout_pet_feeding,,object_border_rounded_right,XML
layout_pet_grid,,autofeed_icon,XML
layout_pet_grid,,object_border_dim_white,XML
layout_promote_adventurer,,object_border_brass,XML
layout_promote_adventurer,,object_border_dim_white,XML
layout_quest,,gem,XML
layout_quest,,object_border_brass,XML
layout_quest,,object_border_dim_white_square_no_border,XML
layout_select_equipment,,object_border_dim_white,XML
layout_tavern_adventurer,,object_border_dim_white,XML
layout_tavern_adventurer,,object_border_rounded_left,XML
layout_tavern_adventurer,,object_border_rounded_right,XML
layout_trait,,object_border_dim_white,XML
layout_workshop_item,,object_border_dim_white,XML
layout_workshop_item,,object_border_rounded_right,XML
