RecipeID,OutputItemID,ItemFound,SpriteKey,SpriteFound,RuntimeResult,RootCause
recipe_absolutezero,absolutezero,FALSE,absolutezero,NORMALIZED:absolute_zero,RESOLVED_VIA_FALLBACK,B_KEY_MISMATCH_FIXED_BY_NORMALIZED_FALLBACK
recipe_abyssalcompendium,abyssalcompendium,FALSE,abyssalcompendium,NORMALIZED:abyssal_compendium,RESOLVED_VIA_FALLBACK,B_KEY_MISMATCH_FIXED_BY_NORMALIZED_FALLBACK
recipe_abyssalcutlass,abyssalcutlass,FALSE,abyssalcutlass,NORMALIZED:abyssal_cutlass,RESOLVED_VIA_FALLBACK,B_KEY_MISMATCH_FIXED_BY_NORMALIZED_FALLBACK
recipe_abyssalgoo,abyssalgoo,FALSE,abyssalgoo,NORMALIZED:abyssal_goo,RESOLVED_VIA_FALLBACK,B_KEY_MISMATCH_FIXED_BY_NORMALIZED_FALLBACK
recipe_abyssalingot,abyssalingot,FALSE,abyssalingot,NORMALIZED:abyssal_ingot,RESOLVED_VIA_FALLBACK,B_KEY_MISMATCH_FIXED_BY_NORMALIZED_FALLBACK
recipe_aegismechanica,aegismechanica,FALSE,aegismechanica,NORMALIZED:aegis_mechanica,RESOLVED_VIA_FALLBACK,B_KEY_MISMATCH_FIXED_BY_NORMALIZED_FALLBACK
recipe_amuletofresurrection,amuletofresurrection,FALSE,amuletofresurrection,NORMALIZED:amulet_of_resurrection,RESOLVED_VIA_FALLBACK,B_KEY_MISMATCH_FIXED_BY_NORMALIZED_FALLBACK
recipe_amuletoftheswordsman,amuletoftheswordsman,FALSE,amuletoftheswordsman,NORMALIZED:amulet_of_the_swordsman,RESOLVED_VIA_FALLBACK,B_KEY_MISMATCH_FIXED_BY_NORMALIZED_FALLBACK
recipe_ancientarmor,ancientarmor,FALSE,ancientarmor,NORMALIZED:ancient_armor,RESOLVED_VIA_FALLBACK,B_KEY_MISMATCH_FIXED_BY_NORMALIZED_FALLBACK
recipe_ancientboots,ancientboots,FALSE,ancientboots,NORMALIZED:ancient_boots,RESOLVED_VIA_FALLBACK,B_KEY_MISMATCH_FIXED_BY_NORMALIZED_FALLBACK
recipe_ancientgloves,ancientgloves,FALSE,ancientgloves,NORMALIZED:ancient_gloves,RESOLVED_VIA_FALLBACK,B_KEY_MISMATCH_FIXED_BY_NORMALIZED_FALLBACK
recipe_ancientjacket,ancientjacket,FALSE,ancientjacket,NORMALIZED:ancient_jacket,RESOLVED_VIA_FALLBACK,B_KEY_MISMATCH_FIXED_BY_NORMALIZED_FALLBACK
recipe_ancientrobe,ancientrobe,FALSE,ancientrobe,NORMALIZED:ancient_robe,RESOLVED_VIA_FALLBACK,B_KEY_MISMATCH_FIXED_BY_NORMALIZED_FALLBACK
recipe_animatedbow,animatedbow,FALSE,animatedbow,NORMALIZED:animated_bow,RESOLVED_VIA_FALLBACK,B_KEY_MISMATCH_FIXED_BY_NORMALIZED_FALLBACK
recipe_animatedbuckler,animatedbuckler,FALSE,animatedbuckler,NORMALIZED:animated_buckler,RESOLVED_VIA_FALLBACK,B_KEY_MISMATCH_FIXED_BY_NORMALIZED_FALLBACK
recipe_animatedcuirass,animatedcuirass,FALSE,animatedcuirass,NORMALIZED:animated_cuirass,RESOLVED_VIA_FALLBACK,B_KEY_MISMATCH_FIXED_BY_NORMALIZED_FALLBACK
recipe_animateddagger,animateddagger,FALSE,animateddagger,NORMALIZED:animated_dagger,RESOLVED_VIA_FALLBACK,B_KEY_MISMATCH_FIXED_BY_NORMALIZED_FALLBACK
recipe_animatedhelm,animatedhelm,FALSE,animatedhelm,NORMALIZED:animated_helm,RESOLVED_VIA_FALLBACK,B_KEY_MISMATCH_FIXED_BY_NORMALIZED_FALLBACK
recipe_animatedingot,animatedingot,FALSE,animatedingot,NORMALIZED:animated_ingot,RESOLVED_VIA_FALLBACK,B_KEY_MISMATCH_FIXED_BY_NORMALIZED_FALLBACK
recipe_animatedstaff,animatedstaff,FALSE,animatedstaff,NORMALIZED:animated_staff,RESOLVED_VIA_FALLBACK,B_KEY_MISMATCH_FIXED_BY_NORMALIZED_FALLBACK
recipe_animatedsword,animatedsword,FALSE,animatedsword,NORMALIZED:animated_sword,RESOLVED_VIA_FALLBACK,B_KEY_MISMATCH_FIXED_BY_NORMALIZED_FALLBACK
recipe_arcanedagger,arcanedagger,FALSE,arcanedagger,NORMALIZED:arcane_dagger,RESOLVED_VIA_FALLBACK,B_KEY_MISMATCH_FIXED_BY_NORMALIZED_FALLBACK
recipe_archaicamulet,archaicamulet,FALSE,archaicamulet,NORMALIZED:archaic_amulet,RESOLVED_VIA_FALLBACK,B_KEY_MISMATCH_FIXED_BY_NORMALIZED_FALLBACK
recipe_armorofthedryad,armorofthedryad,FALSE,armorofthedryad,NORMALIZED:armor_of_the_dryad,RESOLVED_VIA_FALLBACK,B_KEY_MISMATCH_FIXED_BY_NORMALIZED_FALLBACK
recipe_armoroftheundying,armoroftheundying,FALSE,armoroftheundying,NORMALIZED:armor_of_the_undying,RESOLVED_VIA_FALLBACK,B_KEY_MISMATCH_FIXED_BY_NORMALIZED_FALLBACK
recipe_ascendedbow,ascendedbow,FALSE,ascendedbow,NORMALIZED:ascended_bow,RESOLVED_VIA_FALLBACK,B_KEY_MISMATCH_FIXED_BY_NORMALIZED_FALLBACK
recipe_bansheebow,bansheebow,FALSE,bansheebow,NORMALIZED:banshee_bow,RESOLVED_VIA_FALLBACK,B_KEY_MISMATCH_FIXED_BY_NORMALIZED_FALLBACK
recipe_bansheedagger,bansheedagger,FALSE,bansheedagger,NORMALIZED:banshee_dagger,RESOLVED_VIA_FALLBACK,B_KEY_MISMATCH_FIXED_BY_NORMALIZED_FALLBACK
recipe_bansheegloves,bansheegloves,FALSE,bansheegloves,NORMALIZED:banshee_gloves,RESOLVED_VIA_FALLBACK,B_KEY_MISMATCH_FIXED_BY_NORMALIZED_FALLBACK
recipe_bansheejacket,bansheejacket,FALSE,bansheejacket,NORMALIZED:banshee_jacket,RESOLVED_VIA_FALLBACK,B_KEY_MISMATCH_FIXED_BY_NORMALIZED_FALLBACK
recipe_bansheescream,bansheescream,FALSE,bansheescream,NORMALIZED:banshee_scream,RESOLVED_VIA_FALLBACK,B_KEY_MISMATCH_FIXED_BY_NORMALIZED_FALLBACK
recipe_beastmasterjacket,beastmasterjacket,FALSE,beastmasterjacket,NORMALIZED:beastmaster_jacket,RESOLVED_VIA_FALLBACK,B_KEY_MISMATCH_FIXED_BY_NORMALIZED_FALLBACK
recipe_beltjacket,beltjacket,FALSE,beltjacket,NORMALIZED:belt_jacket,RESOLVED_VIA_FALLBACK,B_KEY_MISMATCH_FIXED_BY_NORMALIZED_FALLBACK
recipe_blackironarmor,blackironarmor,FALSE,blackironarmor,NORMALIZED:black_iron_armor,RESOLVED_VIA_FALLBACK,B_KEY_MISMATCH_FIXED_BY_NORMALIZED_FALLBACK
recipe_blackironcutlass,blackironcutlass,FALSE,blackironcutlass,NORMALIZED:black_iron_cutlass,RESOLVED_VIA_FALLBACK,B_KEY_MISMATCH_FIXED_BY_NORMALIZED_FALLBACK
recipe_blackirondagger,blackirondagger,FALSE,blackirondagger,NORMALIZED:black_iron_dagger,RESOLVED_VIA_FALLBACK,B_KEY_MISMATCH_FIXED_BY_NORMALIZED_FALLBACK
recipe_blackirongauntlets,blackirongauntlets,FALSE,blackirongauntlets,NORMALIZED:black_iron_gauntlets,RESOLVED_VIA_FALLBACK,B_KEY_MISMATCH_FIXED_BY_NORMALIZED_FALLBACK
recipe_blackironhelm,blackironhelm,FALSE,blackironhelm,NORMALIZED:black_iron_helm,RESOLVED_VIA_FALLBACK,B_KEY_MISMATCH_FIXED_BY_NORMALIZED_FALLBACK
recipe_blackironingot,blackironingot,FALSE,blackironingot,NORMALIZED:black_iron_ingot,RESOLVED_VIA_FALLBACK,B_KEY_MISMATCH_FIXED_BY_NORMALIZED_FALLBACK
recipe_blackironscepter,blackironscepter,FALSE,blackironscepter,NORMALIZED:black_iron_scepter,RESOLVED_VIA_FALLBACK,B_KEY_MISMATCH_FIXED_BY_NORMALIZED_FALLBACK
recipe_bleakboots,bleakboots,FALSE,bleakboots,NORMALIZED:bleak_boots,RESOLVED_VIA_FALLBACK,B_KEY_MISMATCH_FIXED_BY_NORMALIZED_FALLBACK
recipe_bleakgloves,bleakgloves,FALSE,bleakgloves,NORMALIZED:bleak_gloves,RESOLVED_VIA_FALLBACK,B_KEY_MISMATCH_FIXED_BY_NORMALIZED_FALLBACK
recipe_breathtakingrobe,breathtakingrobe,FALSE,breathtakingrobe,NORMALIZED:breathtaking_robe,RESOLVED_VIA_FALLBACK,B_KEY_MISMATCH_FIXED_BY_NORMALIZED_FALLBACK
recipe_burningcenser,burningcenser,FALSE,burningcenser,NORMALIZED:burning_censer,RESOLVED_VIA_FALLBACK,B_KEY_MISMATCH_FIXED_BY_NORMALIZED_FALLBACK
recipe_burningeffigy,burningeffigy,FALSE,burningeffigy,NORMALIZED:burning_effigy,RESOLVED_VIA_FALLBACK,B_KEY_MISMATCH_FIXED_BY_NORMALIZED_FALLBACK
recipe_celestialarmor,celestialarmor,FALSE,celestialarmor,NORMALIZED:celestial_armor,RESOLVED_VIA_FALLBACK,B_KEY_MISMATCH_FIXED_BY_NORMALIZED_FALLBACK
recipe_celestialhelmet,celestialhelmet,FALSE,celestialhelmet,NORMALIZED:celestial_helmet,RESOLVED_VIA_FALLBACK,B_KEY_MISMATCH_FIXED_BY_NORMALIZED_FALLBACK
recipe_celestialmercy,celestialmercy,FALSE,celestialmercy,NONE,FALLBACK_GREY,E_NO_SOURCE_ASSET
recipe_celestialmetal,celestialmetal,FALSE,celestialmetal,NORMALIZED:celestial_metal,RESOLVED_VIA_FALLBACK,B_KEY_MISMATCH_FIXED_BY_NORMALIZED_FALLBACK
recipe_celestialshield,celestialshield,FALSE,celestialshield,NORMALIZED:celestial_shield,RESOLVED_VIA_FALLBACK,B_KEY_MISMATCH_FIXED_BY_NORMALIZED_FALLBACK
recipe_celestialsword,celestialsword,FALSE,celestialsword,NORMALIZED:celestial_sword,RESOLVED_VIA_FALLBACK,B_KEY_MISMATCH_FIXED_BY_NORMALIZED_FALLBACK
recipe_ceremonialdagger,ceremonialdagger,FALSE,ceremonialdagger,NORMALIZED:ceremonial_dagger,RESOLVED_VIA_FALLBACK,B_KEY_MISMATCH_FIXED_BY_NORMALIZED_FALLBACK
recipe_chainofredemption,chainofredemption,FALSE,chainofredemption,NORMALIZED:chain_of_redemption,RESOLVED_VIA_FALLBACK,B_KEY_MISMATCH_FIXED_BY_NORMALIZED_FALLBACK
recipe_championarmor,championarmor,FALSE,championarmor,NORMALIZED:champion_armor,RESOLVED_VIA_FALLBACK,B_KEY_MISMATCH_FIXED_BY_NORMALIZED_FALLBACK
recipe_cleansingpotion,cleansingpotion,FALSE,cleansingpotion,NORMALIZED:cleansing_potion,RESOLVED_VIA_FALLBACK,B_KEY_MISMATCH_FIXED_BY_NORMALIZED_FALLBACK
recipe_cloakofredemption,cloakofredemption,FALSE,cloakofredemption,NORMALIZED:cloak_of_redemption,RESOLVED_VIA_FALLBACK,B_KEY_MISMATCH_FIXED_BY_NORMALIZED_FALLBACK
recipe_cloth,cloth,TRUE,cloth,EXACT,RESOLVED,A_WORKING
recipe_cloth_robe,cloth_robe,TRUE,cloth_robe,EXACT,RESOLVED,A_WORKING
recipe_containmentorb,containmentorb,FALSE,containmentorb,NORMALIZED:containment_orb,RESOLVED_VIA_FALLBACK,B_KEY_MISMATCH_FIXED_BY_NORMALIZED_FALLBACK
recipe_copperarmor,copperarmor,FALSE,copperarmor,NORMALIZED:copper_armor,RESOLVED_VIA_FALLBACK,B_KEY_MISMATCH_FIXED_BY_NORMALIZED_FALLBACK
recipe_copperhelmet,copperhelmet,FALSE,copperhelmet,NORMALIZED:copper_helmet,RESOLVED_VIA_FALLBACK,B_KEY_MISMATCH_FIXED_BY_NORMALIZED_FALLBACK
recipe_copperingot,copperingot,FALSE,copperingot,NORMALIZED:copper_ingot,RESOLVED_VIA_FALLBACK,B_KEY_MISMATCH_FIXED_BY_NORMALIZED_FALLBACK
recipe_coppersword,coppersword,FALSE,coppersword,NORMALIZED:copper_sword,RESOLVED_VIA_FALLBACK,B_KEY_MISMATCH_FIXED_BY_NORMALIZED_FALLBACK
recipe_corsairleather,corsairleather,FALSE,corsairleather,NORMALIZED:corsair_leather,RESOLVED_VIA_FALLBACK,B_KEY_MISMATCH_FIXED_BY_NORMALIZED_FALLBACK
recipe_cottontailjacket,cottontailjacket,FALSE,cottontailjacket,NORMALIZED:cottontail_jacket,RESOLVED_VIA_FALLBACK,B_KEY_MISMATCH_FIXED_BY_NORMALIZED_FALLBACK
recipe_crimsonbrew,crimsonbrew,FALSE,crimsonbrew,NORMALIZED:crimson_brew,RESOLVED_VIA_FALLBACK,B_KEY_MISMATCH_FIXED_BY_NORMALIZED_FALLBACK
recipe_crimsonleech,crimsonleech,FALSE,crimsonleech,NORMALIZED:crimson_leech,RESOLVED_VIA_FALLBACK,B_KEY_MISMATCH_FIXED_BY_NORMALIZED_FALLBACK
recipe_crushingdepth,crushingdepth,FALSE,crushingdepth,NORMALIZED:crushing_depth,RESOLVED_VIA_FALLBACK,B_KEY_MISMATCH_FIXED_BY_NORMALIZED_FALLBACK
recipe_crystaldagger,crystaldagger,FALSE,crystaldagger,NORMALIZED:crystal_dagger,RESOLVED_VIA_FALLBACK,B_KEY_MISMATCH_FIXED_BY_NORMALIZED_FALLBACK
recipe_crystalstaff,crystalstaff,FALSE,crystalstaff,NORMALIZED:crystal_staff,RESOLVED_VIA_FALLBACK,B_KEY_MISMATCH_FIXED_BY_NORMALIZED_FALLBACK
recipe_cunningdemise,cunningdemise,FALSE,cunningdemise,NORMALIZED:cunning_demise,RESOLVED_VIA_FALLBACK,B_KEY_MISMATCH_FIXED_BY_NORMALIZED_FALLBACK
recipe_cunningdownfall,cunningdownfall,FALSE,cunningdownfall,NORMALIZED:cunning_downfall,RESOLVED_VIA_FALLBACK,B_KEY_MISMATCH_FIXED_BY_NORMALIZED_FALLBACK
recipe_cursedbow,cursedbow,FALSE,cursedbow,NORMALIZED:cursed_bow,RESOLVED_VIA_FALLBACK,B_KEY_MISMATCH_FIXED_BY_NORMALIZED_FALLBACK
recipe_cursedclaws,cursedclaws,FALSE,cursedclaws,NORMALIZED:cursed_claws,RESOLVED_VIA_FALLBACK,B_KEY_MISMATCH_FIXED_BY_NORMALIZED_FALLBACK
recipe_cursedhelm,cursedhelm,FALSE,cursedhelm,NORMALIZED:cursed_helm,RESOLVED_VIA_FALLBACK,B_KEY_MISMATCH_FIXED_BY_NORMALIZED_FALLBACK
recipe_cursedjacket,cursedjacket,FALSE,cursedjacket,NORMALIZED:cursed_jacket,RESOLVED_VIA_FALLBACK,B_KEY_MISMATCH_FIXED_BY_NORMALIZED_FALLBACK
recipe_cursedscepter,cursedscepter,FALSE,cursedscepter,NORMALIZED:cursed_scepter,RESOLVED_VIA_FALLBACK,B_KEY_MISMATCH_FIXED_BY_NORMALIZED_FALLBACK
recipe_deathrayscepter,deathrayscepter,FALSE,deathrayscepter,NORMALIZED:death_ray_scepter,RESOLVED_VIA_FALLBACK,B_KEY_MISMATCH_FIXED_BY_NORMALIZED_FALLBACK
recipe_deepseajacket,deepseajacket,FALSE,deepseajacket,NORMALIZED:deep_sea_jacket,RESOLVED_VIA_FALLBACK,B_KEY_MISMATCH_FIXED_BY_NORMALIZED_FALLBACK
recipe_deepsearobe,deepsearobe,FALSE,deepsearobe,NORMALIZED:deep_sea_robe,RESOLVED_VIA_FALLBACK,B_KEY_MISMATCH_FIXED_BY_NORMALIZED_FALLBACK
recipe_deepseavelvet,deepseavelvet,FALSE,deepseavelvet,NORMALIZED:deep_sea_velvet,RESOLVED_VIA_FALLBACK,B_KEY_MISMATCH_FIXED_BY_NORMALIZED_FALLBACK
recipe_diamondamulet,diamondamulet,FALSE,diamondamulet,NORMALIZED:diamond_amulet,RESOLVED_VIA_FALLBACK,B_KEY_MISMATCH_FIXED_BY_NORMALIZED_FALLBACK
recipe_divineembryo,divineembryo,FALSE,divineembryo,NORMALIZED:divine_embryo,RESOLVED_VIA_FALLBACK,B_KEY_MISMATCH_FIXED_BY_NORMALIZED_FALLBACK
recipe_divinelarvae,divinelarvae,FALSE,divinelarvae,NORMALIZED:divine_larvae,RESOLVED_VIA_FALLBACK,B_KEY_MISMATCH_FIXED_BY_NORMALIZED_FALLBACK
recipe_djinntonic,djinntonic,FALSE,djinntonic,NORMALIZED:djinn_tonic,RESOLVED_VIA_FALLBACK,B_KEY_MISMATCH_FIXED_BY_NORMALIZED_FALLBACK
recipe_dreamwroughtarmor,dreamwroughtarmor,FALSE,dreamwroughtarmor,NORMALIZED:dreamwrought_armor,RESOLVED_VIA_FALLBACK,B_KEY_MISMATCH_FIXED_BY_NORMALIZED_FALLBACK
recipe_dreamwroughtboots,dreamwroughtboots,FALSE,dreamwroughtboots,NORMALIZED:dreamwrought_boots,RESOLVED_VIA_FALLBACK,B_KEY_MISMATCH_FIXED_BY_NORMALIZED_FALLBACK
recipe_dreamwroughtbow,dreamwroughtbow,FALSE,dreamwroughtbow,NORMALIZED:dreamwrought_bow,RESOLVED_VIA_FALLBACK,B_KEY_MISMATCH_FIXED_BY_NORMALIZED_FALLBACK
recipe_dreamwroughtgloves,dreamwroughtgloves,FALSE,dreamwroughtgloves,NORMALIZED:dreamwrought_gloves,RESOLVED_VIA_FALLBACK,B_KEY_MISMATCH_FIXED_BY_NORMALIZED_FALLBACK
recipe_dreamwroughtjacket,dreamwroughtjacket,FALSE,dreamwroughtjacket,NORMALIZED:dreamwrought_jacket,RESOLVED_VIA_FALLBACK,B_KEY_MISMATCH_FIXED_BY_NORMALIZED_FALLBACK
recipe_dreamwroughtrobe,dreamwroughtrobe,FALSE,dreamwroughtrobe,NORMALIZED:dreamwrought_robe,RESOLVED_VIA_FALLBACK,B_KEY_MISMATCH_FIXED_BY_NORMALIZED_FALLBACK
recipe_dreamwroughtsilk,dreamwroughtsilk,FALSE,dreamwroughtsilk,NORMALIZED:dreamwrought_silk,RESOLVED_VIA_FALLBACK,B_KEY_MISMATCH_FIXED_BY_NORMALIZED_FALLBACK
recipe_dreamwroughtstaff,dreamwroughtstaff,FALSE,dreamwroughtstaff,NORMALIZED:dreamwrought_staff,RESOLVED_VIA_FALLBACK,B_KEY_MISMATCH_FIXED_BY_NORMALIZED_FALLBACK
recipe_dryadsblessing,dryadsblessing,FALSE,dryadsblessing,NORMALIZED:dryads_blessing,RESOLVED_VIA_FALLBACK,B_KEY_MISMATCH_FIXED_BY_NORMALIZED_FALLBACK
recipe_dryadscurse,dryadscurse,FALSE,dryadscurse,NORMALIZED:dryads_curse,RESOLVED_VIA_FALLBACK,B_KEY_MISMATCH_FIXED_BY_NORMALIZED_FALLBACK
recipe_duelistarmor,duelistarmor,FALSE,duelistarmor,NORMALIZED:duelist_armor,RESOLVED_VIA_FALLBACK,B_KEY_MISMATCH_FIXED_BY_NORMALIZED_FALLBACK
recipe_elasticboots,elasticboots,FALSE,elasticboots,NORMALIZED:elastic_boots,RESOLVED_VIA_FALLBACK,B_KEY_MISMATCH_FIXED_BY_NORMALIZED_FALLBACK
recipe_elasticrobe,elasticrobe,FALSE,elasticrobe,NORMALIZED:elastic_robe,RESOLVED_VIA_FALLBACK,B_KEY_MISMATCH_FIXED_BY_NORMALIZED_FALLBACK
recipe_eldritchmitre,eldritchmitre,FALSE,eldritchmitre,NORMALIZED:eldritch_mitre,RESOLVED_VIA_FALLBACK,B_KEY_MISMATCH_FIXED_BY_NORMALIZED_FALLBACK
recipe_eldritchseal,eldritchseal,FALSE,eldritchseal,NORMALIZED:eldritch_seal,RESOLVED_VIA_FALLBACK,B_KEY_MISMATCH_FIXED_BY_NORMALIZED_FALLBACK
recipe_electriccatalyst,electriccatalyst,FALSE,electriccatalyst,NORMALIZED:electric_catalyst,RESOLVED_VIA_FALLBACK,B_KEY_MISMATCH_FIXED_BY_NORMALIZED_FALLBACK
recipe_elixirofaffinity,elixirofaffinity,FALSE,elixirofaffinity,NORMALIZED:elixir_of_affinity,RESOLVED_VIA_FALLBACK,B_KEY_MISMATCH_FIXED_BY_NORMALIZED_FALLBACK
recipe_emeraldring,emeraldring,FALSE,emeraldring,NORMALIZED:emerald_ring,RESOLVED_VIA_FALLBACK,B_KEY_MISMATCH_FIXED_BY_NORMALIZED_FALLBACK
recipe_enchantedstaff,enchantedstaff,FALSE,enchantedstaff,NORMALIZED:enchanted_staff,RESOLVED_VIA_FALLBACK,B_KEY_MISMATCH_FIXED_BY_NORMALIZED_FALLBACK
recipe_enlightedservant,enlightedservant,FALSE,enlightedservant,NORMALIZED:enlighted_servant,RESOLVED_VIA_FALLBACK,B_KEY_MISMATCH_FIXED_BY_NORMALIZED_FALLBACK
recipe_essenceofcorruption,essenceofcorruption,FALSE,essenceofcorruption,NORMALIZED:essence_of_corruption,RESOLVED_VIA_FALLBACK,B_KEY_MISMATCH_FIXED_BY_NORMALIZED_FALLBACK
recipe_exoticboots,exoticboots,FALSE,exoticboots,NORMALIZED:exotic_boots,RESOLVED_VIA_FALLBACK,B_KEY_MISMATCH_FIXED_BY_NORMALIZED_FALLBACK
recipe_exoticrobe,exoticrobe,FALSE,exoticrobe,NORMALIZED:exotic_robe,RESOLVED_VIA_FALLBACK,B_KEY_MISMATCH_FIXED_BY_NORMALIZED_FALLBACK
recipe_fangdagger,fangdagger,FALSE,fangdagger,NORMALIZED:fang_dagger,RESOLVED_VIA_FALLBACK,B_KEY_MISMATCH_FIXED_BY_NORMALIZED_FALLBACK
recipe_featherrobe,featherrobe,FALSE,featherrobe,NORMALIZED:feather_robe,RESOLVED_VIA_FALLBACK,B_KEY_MISMATCH_FIXED_BY_NORMALIZED_FALLBACK
recipe_firecatalyst,firecatalyst,FALSE,firecatalyst,NORMALIZED:fire_catalyst,RESOLVED_VIA_FALLBACK,B_KEY_MISMATCH_FIXED_BY_NORMALIZED_FALLBACK
recipe_fleetfootarmor,fleetfootarmor,FALSE,fleetfootarmor,NORMALIZED:fleetfoot_armor,RESOLVED_VIA_FALLBACK,B_KEY_MISMATCH_FIXED_BY_NORMALIZED_FALLBACK
recipe_fleetfootboots,fleetfootboots,FALSE,fleetfootboots,NORMALIZED:fleetfoot_boots,RESOLVED_VIA_FALLBACK,B_KEY_MISMATCH_FIXED_BY_NORMALIZED_FALLBACK
recipe_fleetfootgloves,fleetfootgloves,FALSE,fleetfootgloves,NORMALIZED:fleetfoot_gloves,RESOLVED_VIA_FALLBACK,B_KEY_MISMATCH_FIXED_BY_NORMALIZED_FALLBACK
recipe_fleetfootjacket,fleetfootjacket,FALSE,fleetfootjacket,NORMALIZED:fleetfoot_jacket,RESOLVED_VIA_FALLBACK,B_KEY_MISMATCH_FIXED_BY_NORMALIZED_FALLBACK
recipe_fleetfootrobe,fleetfootrobe,FALSE,fleetfootrobe,NORMALIZED:fleetfoot_robe,RESOLVED_VIA_FALLBACK,B_KEY_MISMATCH_FIXED_BY_NORMALIZED_FALLBACK
recipe_flyingreaper,flyingreaper,FALSE,flyingreaper,NORMALIZED:flying_reaper,RESOLVED_VIA_FALLBACK,B_KEY_MISMATCH_FIXED_BY_NORMALIZED_FALLBACK
recipe_focusedscepter,focusedscepter,FALSE,focusedscepter,NORMALIZED:focused_scepter,RESOLVED_VIA_FALLBACK,B_KEY_MISMATCH_FIXED_BY_NORMALIZED_FALLBACK
recipe_frostmetalarmor,frostmetalarmor,FALSE,frostmetalarmor,NORMALIZED:frostmetal_armor,RESOLVED_VIA_FALLBACK,B_KEY_MISMATCH_FIXED_BY_NORMALIZED_FALLBACK
recipe_frostmetaldagger,frostmetaldagger,FALSE,frostmetaldagger,NORMALIZED:frostmetal_dagger,RESOLVED_VIA_FALLBACK,B_KEY_MISMATCH_FIXED_BY_NORMALIZED_FALLBACK
recipe_frostmetalingot,frostmetalingot,FALSE,frostmetalingot,NORMALIZED:frostmetal_ingot,RESOLVED_VIA_FALLBACK,B_KEY_MISMATCH_FIXED_BY_NORMALIZED_FALLBACK
recipe_frostmetalsword,frostmetalsword,FALSE,frostmetalsword,NORMALIZED:frostmetal_sword,RESOLVED_VIA_FALLBACK,B_KEY_MISMATCH_FIXED_BY_NORMALIZED_FALLBACK
recipe_frozeneggpendant,frozeneggpendant,FALSE,frozeneggpendant,NORMALIZED:frozen_egg_pendant,RESOLVED_VIA_FALLBACK,B_KEY_MISMATCH_FIXED_BY_NORMALIZED_FALLBACK
recipe_frozenembrace,frozenembrace,FALSE,frozenembrace,NORMALIZED:frozen_embrace,RESOLVED_VIA_FALLBACK,B_KEY_MISMATCH_FIXED_BY_NORMALIZED_FALLBACK
recipe_fullmoondagger,fullmoondagger,FALSE,fullmoondagger,NORMALIZED:fullmoon_dagger,RESOLVED_VIA_FALLBACK,B_KEY_MISMATCH_FIXED_BY_NORMALIZED_FALLBACK
recipe_gemofprotection,gemofprotection,FALSE,gemofprotection,NORMALIZED:gem_of_protection,RESOLVED_VIA_FALLBACK,B_KEY_MISMATCH_FIXED_BY_NORMALIZED_FALLBACK
recipe_ghastlycuirass,ghastlycuirass,FALSE,ghastlycuirass,NORMALIZED:ghastly_cuirass,RESOLVED_VIA_FALLBACK,B_KEY_MISMATCH_FIXED_BY_NORMALIZED_FALLBACK
recipe_ghastlyscimitar,ghastlyscimitar,FALSE,ghastlyscimitar,NORMALIZED:ghastly_scimitar,RESOLVED_VIA_FALLBACK,B_KEY_MISMATCH_FIXED_BY_NORMALIZED_FALLBACK
recipe_ghastlyshield,ghastlyshield,FALSE,ghastlyshield,NORMALIZED:ghastly_shield,RESOLVED_VIA_FALLBACK,B_KEY_MISMATCH_FIXED_BY_NORMALIZED_FALLBACK
recipe_ghostrabbitcloak,ghostrabbitcloak,FALSE,ghostrabbitcloak,NORMALIZED:ghost_rabbit_cloak,RESOLVED_VIA_FALLBACK,B_KEY_MISMATCH_FIXED_BY_NORMALIZED_FALLBACK
recipe_ghostwoodboard,ghostwoodboard,FALSE,ghostwoodboard,NORMALIZED:ghostwood_board,RESOLVED_VIA_FALLBACK,B_KEY_MISMATCH_FIXED_BY_NORMALIZED_FALLBACK
recipe_ghostwoodbow,ghostwoodbow,FALSE,ghostwoodbow,NORMALIZED:ghostwood_bow,RESOLVED_VIA_FALLBACK,B_KEY_MISMATCH_FIXED_BY_NORMALIZED_FALLBACK
recipe_ghostwoodshield,ghostwoodshield,FALSE,ghostwoodshield,NORMALIZED:ghostwood_shield,RESOLVED_VIA_FALLBACK,B_KEY_MISMATCH_FIXED_BY_NORMALIZED_FALLBACK
recipe_glass,glass,TRUE,glass,EXACT,RESOLVED,A_WORKING
recipe_glassknife,glassknife,FALSE,glassknife,NORMALIZED:glass_knife,RESOLVED_VIA_FALLBACK,B_KEY_MISMATCH_FIXED_BY_NORMALIZED_FALLBACK
recipe_goldenarmor,goldenarmor,FALSE,goldenarmor,NORMALIZED:golden_armor,RESOLVED_VIA_FALLBACK,B_KEY_MISMATCH_FIXED_BY_NORMALIZED_FALLBACK
recipe_goldenboots,goldenboots,FALSE,goldenboots,NORMALIZED:golden_boots,RESOLVED_VIA_FALLBACK,B_KEY_MISMATCH_FIXED_BY_NORMALIZED_FALLBACK
recipe_goldengauntlets,goldengauntlets,FALSE,goldengauntlets,NORMALIZED:golden_gauntlets,RESOLVED_VIA_FALLBACK,B_KEY_MISMATCH_FIXED_BY_NORMALIZED_FALLBACK
recipe_goldenhelm,goldenhelm,FALSE,goldenhelm,NORMALIZED:golden_helm,RESOLVED_VIA_FALLBACK,B_KEY_MISMATCH_FIXED_BY_NORMALIZED_FALLBACK
recipe_goldenshield,goldenshield,FALSE,goldenshield,NORMALIZED:golden_shield,RESOLVED_VIA_FALLBACK,B_KEY_MISMATCH_FIXED_BY_NORMALIZED_FALLBACK
recipe_goldensword,goldensword,FALSE,goldensword,NORMALIZED:golden_sword,RESOLVED_VIA_FALLBACK,B_KEY_MISMATCH_FIXED_BY_NORMALIZED_FALLBACK
recipe_goldingot,goldingot,FALSE,goldingot,NORMALIZED:gold_ingot,RESOLVED_VIA_FALLBACK,B_KEY_MISMATCH_FIXED_BY_NORMALIZED_FALLBACK
recipe_icecage,icecage,FALSE,icecage,NORMALIZED:ice_cage,RESOLVED_VIA_FALLBACK,B_KEY_MISMATCH_FIXED_BY_NORMALIZED_FALLBACK
recipe_icecatalyst,icecatalyst,FALSE,icecatalyst,NORMALIZED:ice_catalyst,RESOLVED_VIA_FALLBACK,B_KEY_MISMATCH_FIXED_BY_NORMALIZED_FALLBACK
recipe_icicle,icicle,TRUE,icicle,EXACT,RESOLVED,A_WORKING
recipe_ignitionorb,ignitionorb,FALSE,ignitionorb,NORMALIZED:ignition_orb,RESOLVED_VIA_FALLBACK,B_KEY_MISMATCH_FIXED_BY_NORMALIZED_FALLBACK
recipe_imperialshield,imperialshield,FALSE,imperialshield,NORMALIZED:imperial_shield,RESOLVED_VIA_FALLBACK,B_KEY_MISMATCH_FIXED_BY_NORMALIZED_FALLBACK
recipe_imperialstaff,imperialstaff,FALSE,imperialstaff,NORMALIZED:imperial_staff,RESOLVED_VIA_FALLBACK,B_KEY_MISMATCH_FIXED_BY_NORMALIZED_FALLBACK
recipe_infernalbow,infernalbow,FALSE,infernalbow,NORMALIZED:infernal_bow,RESOLVED_VIA_FALLBACK,B_KEY_MISMATCH_FIXED_BY_NORMALIZED_FALLBACK
recipe_infernalchakram,infernalchakram,FALSE,infernalchakram,NORMALIZED:infernal_chakram,RESOLVED_VIA_FALLBACK,B_KEY_MISMATCH_FIXED_BY_NORMALIZED_FALLBACK
recipe_infinitedespair,infinitedespair,FALSE,infinitedespair,NORMALIZED:infinite_despair,RESOLVED_VIA_FALLBACK,B_KEY_MISMATCH_FIXED_BY_NORMALIZED_FALLBACK
recipe_infusednecklace,infusednecklace,FALSE,infusednecklace,NORMALIZED:infused_necklace,RESOLVED_VIA_FALLBACK,B_KEY_MISMATCH_FIXED_BY_NORMALIZED_FALLBACK
recipe_infusionofwisdom,infusionofwisdom,FALSE,infusionofwisdom,NORMALIZED:infusion_of_wisdom,RESOLVED_VIA_FALLBACK,B_KEY_MISMATCH_FIXED_BY_NORMALIZED_FALLBACK
recipe_invisibleservant,invisibleservant,FALSE,invisibleservant,NORMALIZED:invisible_servant,RESOLVED_VIA_FALLBACK,B_KEY_MISMATCH_FIXED_BY_NORMALIZED_FALLBACK
recipe_ironchainmail,ironchainmail,FALSE,ironchainmail,NORMALIZED:iron_chainmail,RESOLVED_VIA_FALLBACK,B_KEY_MISMATCH_FIXED_BY_NORMALIZED_FALLBACK
recipe_ironhelm,ironhelm,FALSE,ironhelm,NORMALIZED:iron_helm,RESOLVED_VIA_FALLBACK,B_KEY_MISMATCH_FIXED_BY_NORMALIZED_FALLBACK
recipe_ironingot,ironingot,FALSE,ironingot,NORMALIZED:iron_ingot,RESOLVED_VIA_FALLBACK,B_KEY_MISMATCH_FIXED_BY_NORMALIZED_FALLBACK
recipe_ivoryjacket,ivoryjacket,FALSE,ivoryjacket,NORMALIZED:ivory_jacket,RESOLVED_VIA_FALLBACK,B_KEY_MISMATCH_FIXED_BY_NORMALIZED_FALLBACK
recipe_jeweledcrown,jeweledcrown,FALSE,jeweledcrown,NORMALIZED:jeweled_crown,RESOLVED_VIA_FALLBACK,B_KEY_MISMATCH_FIXED_BY_NORMALIZED_FALLBACK
recipe_kabelianarmor,kabelianarmor,FALSE,kabelianarmor,NORMALIZED:kabelian_armor,RESOLVED_VIA_FALLBACK,B_KEY_MISMATCH_FIXED_BY_NORMALIZED_FALLBACK
recipe_kabelianclaws,kabelianclaws,FALSE,kabelianclaws,NORMALIZED:kabelian_claws,RESOLVED_VIA_FALLBACK,B_KEY_MISMATCH_FIXED_BY_NORMALIZED_FALLBACK
recipe_kaunianrobe,kaunianrobe,FALSE,kaunianrobe,NORMALIZED:kaunian_robe,RESOLVED_VIA_FALLBACK,B_KEY_MISMATCH_FIXED_BY_NORMALIZED_FALLBACK
recipe_laroxianboots,laroxianboots,FALSE,laroxianboots,NORMALIZED:laroxian_boots,RESOLVED_VIA_FALLBACK,B_KEY_MISMATCH_FIXED_BY_NORMALIZED_FALLBACK
recipe_laroxiangloves,laroxiangloves,FALSE,laroxiangloves,NORMALIZED:laroxian_gloves,RESOLVED_VIA_FALLBACK,B_KEY_MISMATCH_FIXED_BY_NORMALIZED_FALLBACK
recipe_laroxianrobe,laroxianrobe,FALSE,laroxianrobe,NORMALIZED:laroxian_robe,RESOLVED_VIA_FALLBACK,B_KEY_MISMATCH_FIXED_BY_NORMALIZED_FALLBACK
recipe_leather,leather,TRUE,leather,EXACT,RESOLVED,A_WORKING
recipe_leatherboots,leatherboots,FALSE,leatherboots,NORMALIZED:leather_boots,RESOLVED_VIA_FALLBACK,B_KEY_MISMATCH_FIXED_BY_NORMALIZED_FALLBACK
recipe_leathergloves,leathergloves,FALSE,leathergloves,NORMALIZED:leather_gloves,RESOLVED_VIA_FALLBACK,B_KEY_MISMATCH_FIXED_BY_NORMALIZED_FALLBACK
recipe_leatherjacket,leatherjacket,FALSE,leatherjacket,NORMALIZED:leather_jacket,RESOLVED_VIA_FALLBACK,B_KEY_MISMATCH_FIXED_BY_NORMALIZED_FALLBACK
recipe_livingscimitar,livingscimitar,FALSE,livingscimitar,NORMALIZED:living_scimitar,RESOLVED_VIA_FALLBACK,B_KEY_MISMATCH_FIXED_BY_NORMALIZED_FALLBACK
recipe_livingwhip,livingwhip,FALSE,livingwhip,NORMALIZED:living_whip,RESOLVED_VIA_FALLBACK,B_KEY_MISMATCH_FIXED_BY_NORMALIZED_FALLBACK
recipe_metamorphicarmor,metamorphicarmor,FALSE,metamorphicarmor,NORMALIZED:metamorphic_armor,RESOLVED_VIA_FALLBACK,B_KEY_MISMATCH_FIXED_BY_NORMALIZED_FALLBACK
recipe_metamorphicshield,metamorphicshield,FALSE,metamorphicshield,NORMALIZED:metamorphic_shield,RESOLVED_VIA_FALLBACK,B_KEY_MISMATCH_FIXED_BY_NORMALIZED_FALLBACK
recipe_mithrilbow,mithrilbow,FALSE,mithrilbow,NORMALIZED:mithril_bow,RESOLVED_VIA_FALLBACK,B_KEY_MISMATCH_FIXED_BY_NORMALIZED_FALLBACK
recipe_mithrildagger,mithrildagger,FALSE,mithrildagger,NORMALIZED:mithril_dagger,RESOLVED_VIA_FALLBACK,B_KEY_MISMATCH_FIXED_BY_NORMALIZED_FALLBACK
recipe_mithrilhelm,mithrilhelm,FALSE,mithrilhelm,NORMALIZED:mithril_helm,RESOLVED_VIA_FALLBACK,B_KEY_MISMATCH_FIXED_BY_NORMALIZED_FALLBACK
recipe_mithrilshield,mithrilshield,FALSE,mithrilshield,NORMALIZED:mithril_shield,RESOLVED_VIA_FALLBACK,B_KEY_MISMATCH_FIXED_BY_NORMALIZED_FALLBACK
recipe_mithrilsword,mithrilsword,FALSE,mithrilsword,NORMALIZED:mithril_sword,RESOLVED_VIA_FALLBACK,B_KEY_MISMATCH_FIXED_BY_NORMALIZED_FALLBACK
recipe_moltenstaff,moltenstaff,FALSE,moltenstaff,NORMALIZED:molten_staff,RESOLVED_VIA_FALLBACK,B_KEY_MISMATCH_FIXED_BY_NORMALIZED_FALLBACK
recipe_monkeyhidejacket,monkeyhidejacket,FALSE,monkeyhidejacket,NORMALIZED:monkey_hide_jacket,RESOLVED_VIA_FALLBACK,B_KEY_MISMATCH_FIXED_BY_NORMALIZED_FALLBACK
recipe_mothrobe,mothrobe,FALSE,mothrobe,NORMALIZED:moth_robe,RESOLVED_VIA_FALLBACK,B_KEY_MISMATCH_FIXED_BY_NORMALIZED_FALLBACK
recipe_mottiphobia,mottiphobia,TRUE,mottiphobia,EXACT,RESOLVED,A_WORKING
recipe_mutantjacket,mutantjacket,FALSE,mutantjacket,NORMALIZED:mutant_jacket,RESOLVED_VIA_FALLBACK,B_KEY_MISMATCH_FIXED_BY_NORMALIZED_FALLBACK
recipe_mutualdespair,mutualdespair,FALSE,mutualdespair,NORMALIZED:mutual_despair,RESOLVED_VIA_FALLBACK,B_KEY_MISMATCH_FIXED_BY_NORMALIZED_FALLBACK
recipe_nightwingjacket,nightwingjacket,FALSE,nightwingjacket,NORMALIZED:nightwing_jacket,RESOLVED_VIA_FALLBACK,B_KEY_MISMATCH_FIXED_BY_NORMALIZED_FALLBACK
recipe_nightwingleather,nightwingleather,FALSE,nightwingleather,NORMALIZED:nightwing_leather,RESOLVED_VIA_FALLBACK,B_KEY_MISMATCH_FIXED_BY_NORMALIZED_FALLBACK
recipe_nilarmor,nilarmor,FALSE,nilarmor,NORMALIZED:nil_armor,RESOLVED_VIA_FALLBACK,B_KEY_MISMATCH_FIXED_BY_NORMALIZED_FALLBACK
recipe_nilpendant,nilpendant,FALSE,nilpendant,NORMALIZED:nil_pendant,RESOLVED_VIA_FALLBACK,B_KEY_MISMATCH_FIXED_BY_NORMALIZED_FALLBACK
recipe_oblivion,oblivion,TRUE,oblivion,EXACT,RESOLVED,A_WORKING
recipe_obsidianbow,obsidianbow,FALSE,obsidianbow,NORMALIZED:obsidian_bow,RESOLVED_VIA_FALLBACK,B_KEY_MISMATCH_FIXED_BY_NORMALIZED_FALLBACK
recipe_obsidiancuirass,obsidiancuirass,FALSE,obsidiancuirass,NORMALIZED:obsidian_cuirass,RESOLVED_VIA_FALLBACK,B_KEY_MISMATCH_FIXED_BY_NORMALIZED_FALLBACK
recipe_obsidiandagger,obsidiandagger,FALSE,obsidiandagger,NORMALIZED:obsidian_dagger,RESOLVED_VIA_FALLBACK,B_KEY_MISMATCH_FIXED_BY_NORMALIZED_FALLBACK
recipe_obsidianhelm,obsidianhelm,FALSE,obsidianhelm,NORMALIZED:obsidian_helm,RESOLVED_VIA_FALLBACK,B_KEY_MISMATCH_FIXED_BY_NORMALIZED_FALLBACK
recipe_obsidianscepter,obsidianscepter,FALSE,obsidianscepter,NORMALIZED:obsidian_scepter,RESOLVED_VIA_FALLBACK,B_KEY_MISMATCH_FIXED_BY_NORMALIZED_FALLBACK
recipe_obsidianshield,obsidianshield,FALSE,obsidianshield,NORMALIZED:obsidian_shield,RESOLVED_VIA_FALLBACK,B_KEY_MISMATCH_FIXED_BY_NORMALIZED_FALLBACK
recipe_obsidiansword,obsidiansword,FALSE,obsidiansword,NORMALIZED:obsidian_sword,RESOLVED_VIA_FALLBACK,B_KEY_MISMATCH_FIXED_BY_NORMALIZED_FALLBACK
recipe_orichalcumarmor,orichalcumarmor,FALSE,orichalcumarmor,NORMALIZED:orichalcum_armor,RESOLVED_VIA_FALLBACK,B_KEY_MISMATCH_FIXED_BY_NORMALIZED_FALLBACK
recipe_orichalcumdagger,orichalcumdagger,FALSE,orichalcumdagger,NORMALIZED:orichalcum_dagger,RESOLVED_VIA_FALLBACK,B_KEY_MISMATCH_FIXED_BY_NORMALIZED_FALLBACK
recipe_orichalcumhelm,orichalcumhelm,FALSE,orichalcumhelm,NORMALIZED:orichalcum_helm,RESOLVED_VIA_FALLBACK,B_KEY_MISMATCH_FIXED_BY_NORMALIZED_FALLBACK
recipe_orichalcumingot,orichalcumingot,FALSE,orichalcumingot,NORMALIZED:orichalcum_ingot,RESOLVED_VIA_FALLBACK,B_KEY_MISMATCH_FIXED_BY_NORMALIZED_FALLBACK
recipe_orichalcumshield,orichalcumshield,FALSE,orichalcumshield,NORMALIZED:orichalcum_shield,RESOLVED_VIA_FALLBACK,B_KEY_MISMATCH_FIXED_BY_NORMALIZED_FALLBACK
recipe_orichalcumsword,orichalcumsword,FALSE,orichalcumsword,NORMALIZED:orichalcum_sword,RESOLVED_VIA_FALLBACK,B_KEY_MISMATCH_FIXED_BY_NORMALIZED_FALLBACK
recipe_panopticonstaff,panopticonstaff,FALSE,panopticonstaff,NORMALIZED:panopticon_staff,RESOLVED_VIA_FALLBACK,B_KEY_MISMATCH_FIXED_BY_NORMALIZED_FALLBACK
recipe_patricianarmor,patricianarmor,FALSE,patricianarmor,NORMALIZED:patrician_armor,RESOLVED_VIA_FALLBACK,B_KEY_MISMATCH_FIXED_BY_NORMALIZED_FALLBACK
recipe_permafrostessence,permafrostessence,FALSE,permafrostessence,NORMALIZED:permafrost_essence,RESOLVED_VIA_FALLBACK,B_KEY_MISMATCH_FIXED_BY_NORMALIZED_FALLBACK
recipe_phylactery,phylactery,TRUE,phylactery,EXACT,RESOLVED,A_WORKING
recipe_piratekingtricorn,piratekingtricorn,FALSE,piratekingtricorn,NORMALIZED:pirate_king_tricorn,RESOLVED_VIA_FALLBACK,B_KEY_MISMATCH_FIXED_BY_NORMALIZED_FALLBACK
recipe_potionofrejuvenation,potionofrejuvenation,FALSE,potionofrejuvenation,NORMALIZED:potion_of_rejuvenation,RESOLVED_VIA_FALLBACK,B_KEY_MISMATCH_FIXED_BY_NORMALIZED_FALLBACK
recipe_prehistoricmixture,prehistoricmixture,FALSE,prehistoricmixture,NORMALIZED:prehistoric_mixture,RESOLVED_VIA_FALLBACK,B_KEY_MISMATCH_FIXED_BY_NORMALIZED_FALLBACK
recipe_primevalarmor,primevalarmor,FALSE,primevalarmor,NORMALIZED:primeval_armor,RESOLVED_VIA_FALLBACK,B_KEY_MISMATCH_FIXED_BY_NORMALIZED_FALLBACK
recipe_primevalhelm,primevalhelm,FALSE,primevalhelm,NORMALIZED:primeval_helm,RESOLVED_VIA_FALLBACK,B_KEY_MISMATCH_FIXED_BY_NORMALIZED_FALLBACK
recipe_primevalshield,primevalshield,FALSE,primevalshield,NORMALIZED:primeval_shield,RESOLVED_VIA_FALLBACK,B_KEY_MISMATCH_FIXED_BY_NORMALIZED_FALLBACK
recipe_prismaticarmor,prismaticarmor,FALSE,prismaticarmor,NORMALIZED:prismatic_armor,RESOLVED_VIA_FALLBACK,B_KEY_MISMATCH_FIXED_BY_NORMALIZED_FALLBACK
recipe_prismaticessence,prismaticessence,FALSE,prismaticessence,NORMALIZED:prismatic_essence,RESOLVED_VIA_FALLBACK,B_KEY_MISMATCH_FIXED_BY_NORMALIZED_FALLBACK
recipe_prismaticpendant,prismaticpendant,FALSE,prismaticpendant,NORMALIZED:prismatic_pendant,RESOLVED_VIA_FALLBACK,B_KEY_MISMATCH_FIXED_BY_NORMALIZED_FALLBACK
recipe_reassemblingjacket,reassemblingjacket,FALSE,reassemblingjacket,NORMALIZED:reassembling_jacket,RESOLVED_VIA_FALLBACK,B_KEY_MISMATCH_FIXED_BY_NORMALIZED_FALLBACK
recipe_redwoodbow,redwoodbow,FALSE,redwoodbow,NORMALIZED:redwood_bow,RESOLVED_VIA_FALLBACK,B_KEY_MISMATCH_FIXED_BY_NORMALIZED_FALLBACK
recipe_ritualblade,ritualblade,FALSE,ritualblade,NORMALIZED:ritual_blade,RESOLVED_VIA_FALLBACK,B_KEY_MISMATCH_FIXED_BY_NORMALIZED_FALLBACK
recipe_robeofthearchmage,robeofthearchmage,FALSE,robeofthearchmage,NORMALIZED:robe_of_the_archmage,RESOLVED_VIA_FALLBACK,B_KEY_MISMATCH_FIXED_BY_NORMALIZED_FALLBACK
recipe_rubyring,rubyring,FALSE,rubyring,NORMALIZED:ruby_ring,RESOLVED_VIA_FALLBACK,B_KEY_MISMATCH_FIXED_BY_NORMALIZED_FALLBACK
recipe_sagearmor,sagearmor,FALSE,sagearmor,NORMALIZED:sage_armor,RESOLVED_VIA_FALLBACK,B_KEY_MISMATCH_FIXED_BY_NORMALIZED_FALLBACK
recipe_sagecloak,sagecloak,FALSE,sagecloak,NORMALIZED:sage_cloak,RESOLVED_VIA_FALLBACK,B_KEY_MISMATCH_FIXED_BY_NORMALIZED_FALLBACK
recipe_sagejacket,sagejacket,FALSE,sagejacket,NORMALIZED:sage_jacket,RESOLVED_VIA_FALLBACK,B_KEY_MISMATCH_FIXED_BY_NORMALIZED_FALLBACK
recipe_scarletshroud,scarletshroud,FALSE,scarletshroud,NORMALIZED:scarlet_shroud,RESOLVED_VIA_FALLBACK,B_KEY_MISMATCH_FIXED_BY_NORMALIZED_FALLBACK
recipe_scarletveil,scarletveil,FALSE,scarletveil,NORMALIZED:scarlet_veil,RESOLVED_VIA_FALLBACK,B_KEY_MISMATCH_FIXED_BY_NORMALIZED_FALLBACK
recipe_scimitar,scimitar,TRUE,scimitar,EXACT,RESOLVED,A_WORKING
recipe_sha,sha,TRUE,sha,EXACT,RESOLVED,A_WORKING
recipe_shadowbow,shadowbow,FALSE,shadowbow,NORMALIZED:shadow_bow,RESOLVED_VIA_FALLBACK,B_KEY_MISMATCH_FIXED_BY_NORMALIZED_FALLBACK
recipe_shadowdagger,shadowdagger,FALSE,shadowdagger,NORMALIZED:shadow_dagger,RESOLVED_VIA_FALLBACK,B_KEY_MISMATCH_FIXED_BY_NORMALIZED_FALLBACK
recipe_shadowpotion,shadowpotion,FALSE,shadowpotion,NORMALIZED:shadow_potion,RESOLVED_VIA_FALLBACK,B_KEY_MISMATCH_FIXED_BY_NORMALIZED_FALLBACK
recipe_shadowring,shadowring,FALSE,shadowring,NORMALIZED:shadow_ring,RESOLVED_VIA_FALLBACK,B_KEY_MISMATCH_FIXED_BY_NORMALIZED_FALLBACK
recipe_shahuribow,shahuribow,FALSE,shahuribow,NORMALIZED:shahuri_bow,RESOLVED_VIA_FALLBACK,B_KEY_MISMATCH_FIXED_BY_NORMALIZED_FALLBACK
recipe_shieldingcuirass,shieldingcuirass,FALSE,shieldingcuirass,NORMALIZED:shielding_cuirass,RESOLVED_VIA_FALLBACK,B_KEY_MISMATCH_FIXED_BY_NORMALIZED_FALLBACK
recipe_shieldinghelm,shieldinghelm,FALSE,shieldinghelm,NORMALIZED:shielding_helm,RESOLVED_VIA_FALLBACK,B_KEY_MISMATCH_FIXED_BY_NORMALIZED_FALLBACK
recipe_shieldingjacket,shieldingjacket,FALSE,shieldingjacket,NORMALIZED:shielding_jacket,RESOLVED_VIA_FALLBACK,B_KEY_MISMATCH_FIXED_BY_NORMALIZED_FALLBACK
recipe_shieldofthemartyr,shieldofthemartyr,FALSE,shieldofthemartyr,NORMALIZED:shield_of_the_martyr,RESOLVED_VIA_FALLBACK,B_KEY_MISMATCH_FIXED_BY_NORMALIZED_FALLBACK
recipe_shieldofthetitan,shieldofthetitan,FALSE,shieldofthetitan,NORMALIZED:shield_of_the_titan,RESOLVED_VIA_FALLBACK,B_KEY_MISMATCH_FIXED_BY_NORMALIZED_FALLBACK
recipe_shortcircuit,shortcircuit,FALSE,shortcircuit,NORMALIZED:short_circuit,RESOLVED_VIA_FALLBACK,B_KEY_MISMATCH_FIXED_BY_NORMALIZED_FALLBACK
recipe_silkfabric,silkfabric,FALSE,silkfabric,NORMALIZED:silk_fabric,RESOLVED_VIA_FALLBACK,B_KEY_MISMATCH_FIXED_BY_NORMALIZED_FALLBACK
recipe_silkrobe,silkrobe,FALSE,silkrobe,NORMALIZED:silk_robe,RESOLVED_VIA_FALLBACK,B_KEY_MISMATCH_FIXED_BY_NORMALIZED_FALLBACK
recipe_sinisterstabilizer,sinisterstabilizer,FALSE,sinisterstabilizer,NORMALIZED:sinister_stabilizer,RESOLVED_VIA_FALLBACK,B_KEY_MISMATCH_FIXED_BY_NORMALIZED_FALLBACK
recipe_skinblender,skinblender,FALSE,skinblender,NORMALIZED:skin_blender,RESOLVED_VIA_FALLBACK,B_KEY_MISMATCH_FIXED_BY_NORMALIZED_FALLBACK
recipe_skullcandle,skullcandle,FALSE,skullcandle,NORMALIZED:skull_candle,RESOLVED_VIA_FALLBACK,B_KEY_MISMATCH_FIXED_BY_NORMALIZED_FALLBACK
recipe_slimearmor,slimearmor,FALSE,slimearmor,NORMALIZED:slime_armor,RESOLVED_VIA_FALLBACK,B_KEY_MISMATCH_FIXED_BY_NORMALIZED_FALLBACK
recipe_slimejacket,slimejacket,FALSE,slimejacket,NORMALIZED:slime_jacket,RESOLVED_VIA_FALLBACK,B_KEY_MISMATCH_FIXED_BY_NORMALIZED_FALLBACK
recipe_slimerobe,slimerobe,FALSE,slimerobe,NORMALIZED:slime_robe,RESOLVED_VIA_FALLBACK,B_KEY_MISMATCH_FIXED_BY_NORMALIZED_FALLBACK
recipe_spectralrobe,spectralrobe,FALSE,spectralrobe,NORMALIZED:spectral_robe,RESOLVED_VIA_FALLBACK,B_KEY_MISMATCH_FIXED_BY_NORMALIZED_FALLBACK
recipe_spellwovenjacket,spellwovenjacket,FALSE,spellwovenjacket,NORMALIZED:spellwoven_jacket,RESOLVED_VIA_FALLBACK,B_KEY_MISMATCH_FIXED_BY_NORMALIZED_FALLBACK
recipe_spellwovenleather,spellwovenleather,FALSE,spellwovenleather,NORMALIZED:spellwoven_leather,RESOLVED_VIA_FALLBACK,B_KEY_MISMATCH_FIXED_BY_NORMALIZED_FALLBACK
recipe_spiderboots,spiderboots,FALSE,spiderboots,NORMALIZED:spider_boots,RESOLVED_VIA_FALLBACK,B_KEY_MISMATCH_FIXED_BY_NORMALIZED_FALLBACK
recipe_spidergloves,spidergloves,FALSE,spidergloves,NORMALIZED:spider_gloves,RESOLVED_VIA_FALLBACK,B_KEY_MISMATCH_FIXED_BY_NORMALIZED_FALLBACK
recipe_spiderrobe,spiderrobe,FALSE,spiderrobe,NORMALIZED:spider_robe,RESOLVED_VIA_FALLBACK,B_KEY_MISMATCH_FIXED_BY_NORMALIZED_FALLBACK
recipe_spidersilk,spidersilk,FALSE,spidersilk,NORMALIZED:spider_silk,RESOLVED_VIA_FALLBACK,B_KEY_MISMATCH_FIXED_BY_NORMALIZED_FALLBACK
recipe_spikedprimevalshield,spikedprimevalshield,FALSE,spikedprimevalshield,NORMALIZED:spiked_primeval_shield,RESOLVED_VIA_FALLBACK,B_KEY_MISMATCH_FIXED_BY_NORMALIZED_FALLBACK
recipe_spikedtortoiseshield,spikedtortoiseshield,FALSE,spikedtortoiseshield,NORMALIZED:spiked_tortoise_shield,RESOLVED_VIA_FALLBACK,B_KEY_MISMATCH_FIXED_BY_NORMALIZED_FALLBACK
recipe_spitfangjacket,spitfangjacket,FALSE,spitfangjacket,NORMALIZED:spitfang_jacket,RESOLVED_VIA_FALLBACK,B_KEY_MISMATCH_FIXED_BY_NORMALIZED_FALLBACK
recipe_staffofthearchmage,staffofthearchmage,FALSE,staffofthearchmage,NORMALIZED:staff_of_the_archmage,RESOLVED_VIA_FALLBACK,B_KEY_MISMATCH_FIXED_BY_NORMALIZED_FALLBACK
recipe_starvation,starvation,TRUE,starvation,EXACT,RESOLVED,A_WORKING
recipe_staticessence,staticessence,FALSE,staticessence,NORMALIZED:static_essence,RESOLVED_VIA_FALLBACK,B_KEY_MISMATCH_FIXED_BY_NORMALIZED_FALLBACK
recipe_stellarflare,stellarflare,FALSE,stellarflare,NORMALIZED:stellar_flare,RESOLVED_VIA_FALLBACK,B_KEY_MISMATCH_FIXED_BY_NORMALIZED_FALLBACK
recipe_stellarstaff,stellarstaff,FALSE,stellarstaff,NORMALIZED:stellar_staff,RESOLVED_VIA_FALLBACK,B_KEY_MISMATCH_FIXED_BY_NORMALIZED_FALLBACK
recipe_sunfireessence,sunfireessence,FALSE,sunfireessence,NORMALIZED:sunfire_essence,RESOLVED_VIA_FALLBACK,B_KEY_MISMATCH_FIXED_BY_NORMALIZED_FALLBACK
recipe_sunstaff,sunstaff,FALSE,sunstaff,NORMALIZED:sun_staff,RESOLVED_VIA_FALLBACK,B_KEY_MISMATCH_FIXED_BY_NORMALIZED_FALLBACK
recipe_swarmkeeperarmor,swarmkeeperarmor,FALSE,swarmkeeperarmor,NORMALIZED:swarmkeeper_armor,RESOLVED_VIA_FALLBACK,B_KEY_MISMATCH_FIXED_BY_NORMALIZED_FALLBACK
recipe_sylvanblessing,sylvanblessing,FALSE,sylvanblessing,NORMALIZED:sylvan_blessing,RESOLVED_VIA_FALLBACK,B_KEY_MISMATCH_FIXED_BY_NORMALIZED_FALLBACK
recipe_sylvanmandate,sylvanmandate,FALSE,sylvanmandate,NORMALIZED:sylvan_mandate,RESOLVED_VIA_FALLBACK,B_KEY_MISMATCH_FIXED_BY_NORMALIZED_FALLBACK
recipe_tacticalhelmet,tacticalhelmet,FALSE,tacticalhelmet,NORMALIZED:tactical_helmet,RESOLVED_VIA_FALLBACK,B_KEY_MISMATCH_FIXED_BY_NORMALIZED_FALLBACK
recipe_thaumaturgicblood,thaumaturgicblood,FALSE,thaumaturgicblood,NORMALIZED:thaumaturgic_blood,RESOLVED_VIA_FALLBACK,B_KEY_MISMATCH_FIXED_BY_NORMALIZED_FALLBACK
recipe_titanicmight,titanicmight,FALSE,titanicmight,NORMALIZED:titanic_might,RESOLVED_VIA_FALLBACK,B_KEY_MISMATCH_FIXED_BY_NORMALIZED_FALLBACK
recipe_tortoisearmor,tortoisearmor,FALSE,tortoisearmor,NORMALIZED:tortoise_armor,RESOLVED_VIA_FALLBACK,B_KEY_MISMATCH_FIXED_BY_NORMALIZED_FALLBACK
recipe_tortoiseshield,tortoiseshield,FALSE,tortoiseshield,NORMALIZED:tortoise_shield,RESOLVED_VIA_FALLBACK,B_KEY_MISMATCH_FIXED_BY_NORMALIZED_FALLBACK
recipe_toxinpouch,toxinpouch,FALSE,toxinpouch,NORMALIZED:toxin_pouch,RESOLVED_VIA_FALLBACK,B_KEY_MISMATCH_FIXED_BY_NORMALIZED_FALLBACK
recipe_trollskinjacket,trollskinjacket,FALSE,trollskinjacket,NORMALIZED:trollskin_jacket,RESOLVED_VIA_FALLBACK,B_KEY_MISMATCH_FIXED_BY_NORMALIZED_FALLBACK
recipe_tunicaignis,tunicaignis,FALSE,tunicaignis,NORMALIZED:tunica_ignis,RESOLVED_VIA_FALLBACK,B_KEY_MISMATCH_FIXED_BY_NORMALIZED_FALLBACK
recipe_tunicainfernalis,tunicainfernalis,FALSE,tunicainfernalis,NORMALIZED:tunica_infernalis,RESOLVED_VIA_FALLBACK,B_KEY_MISMATCH_FIXED_BY_NORMALIZED_FALLBACK
recipe_tusknecklace,tusknecklace,FALSE,tusknecklace,NORMALIZED:tusk_necklace,RESOLVED_VIA_FALLBACK,B_KEY_MISMATCH_FIXED_BY_NORMALIZED_FALLBACK
recipe_undeadcuirass,undeadcuirass,FALSE,undeadcuirass,NORMALIZED:undead_cuirass,RESOLVED_VIA_FALLBACK,B_KEY_MISMATCH_FIXED_BY_NORMALIZED_FALLBACK
recipe_undeadgloves,undeadgloves,FALSE,undeadgloves,NORMALIZED:undead_gloves,RESOLVED_VIA_FALLBACK,B_KEY_MISMATCH_FIXED_BY_NORMALIZED_FALLBACK
recipe_undeadgreaves,undeadgreaves,FALSE,undeadgreaves,NORMALIZED:undead_greaves,RESOLVED_VIA_FALLBACK,B_KEY_MISMATCH_FIXED_BY_NORMALIZED_FALLBACK
recipe_undeadhelm,undeadhelm,FALSE,undeadhelm,NORMALIZED:undead_helm,RESOLVED_VIA_FALLBACK,B_KEY_MISMATCH_FIXED_BY_NORMALIZED_FALLBACK
recipe_undeadjacket,undeadjacket,FALSE,undeadjacket,NORMALIZED:undead_jacket,RESOLVED_VIA_FALLBACK,B_KEY_MISMATCH_FIXED_BY_NORMALIZED_FALLBACK
recipe_undeadknife,undeadknife,FALSE,undeadknife,NORMALIZED:undead_knife,RESOLVED_VIA_FALLBACK,B_KEY_MISMATCH_FIXED_BY_NORMALIZED_FALLBACK
recipe_undeadshield,undeadshield,FALSE,undeadshield,NORMALIZED:undead_shield,RESOLVED_VIA_FALLBACK,B_KEY_MISMATCH_FIXED_BY_NORMALIZED_FALLBACK
recipe_undeadstaff,undeadstaff,FALSE,undeadstaff,NORMALIZED:undead_staff,RESOLVED_VIA_FALLBACK,B_KEY_MISMATCH_FIXED_BY_NORMALIZED_FALLBACK
recipe_undeadsword,undeadsword,FALSE,undeadsword,NORMALIZED:undead_sword,RESOLVED_VIA_FALLBACK,B_KEY_MISMATCH_FIXED_BY_NORMALIZED_FALLBACK
recipe_unholycuirass,unholycuirass,FALSE,unholycuirass,NORMALIZED:unholy_cuirass,RESOLVED_VIA_FALLBACK,B_KEY_MISMATCH_FIXED_BY_NORMALIZED_FALLBACK
recipe_unholypotion,unholypotion,FALSE,unholypotion,NORMALIZED:unholy_potion,RESOLVED_VIA_FALLBACK,B_KEY_MISMATCH_FIXED_BY_NORMALIZED_FALLBACK
recipe_unholyspellcage,unholyspellcage,FALSE,unholyspellcage,NORMALIZED:unholy_spellcage,RESOLVED_VIA_FALLBACK,B_KEY_MISMATCH_FIXED_BY_NORMALIZED_FALLBACK
recipe_unholysword,unholysword,FALSE,unholysword,NORMALIZED:unholy_sword,RESOLVED_VIA_FALLBACK,B_KEY_MISMATCH_FIXED_BY_NORMALIZED_FALLBACK
recipe_unstablestaff,unstablestaff,FALSE,unstablestaff,NORMALIZED:unstable_staff,RESOLVED_VIA_FALLBACK,B_KEY_MISMATCH_FIXED_BY_NORMALIZED_FALLBACK
recipe_vampirebow,vampirebow,FALSE,vampirebow,NORMALIZED:vampire_bow,RESOLVED_VIA_FALLBACK,B_KEY_MISMATCH_FIXED_BY_NORMALIZED_FALLBACK
recipe_vampiredagger,vampiredagger,FALSE,vampiredagger,NORMALIZED:vampire_dagger,RESOLVED_VIA_FALLBACK,B_KEY_MISMATCH_FIXED_BY_NORMALIZED_FALLBACK
recipe_vampirescepter,vampirescepter,FALSE,vampirescepter,NORMALIZED:vampire_scepter,RESOLVED_VIA_FALLBACK,B_KEY_MISMATCH_FIXED_BY_NORMALIZED_FALLBACK
recipe_vampiresword,vampiresword,FALSE,vampiresword,NORMALIZED:vampire_sword,RESOLVED_VIA_FALLBACK,B_KEY_MISMATCH_FIXED_BY_NORMALIZED_FALLBACK
recipe_veilshatterer,veilshatterer,FALSE,veilshatterer,NORMALIZED:veil_shatterer,RESOLVED_VIA_FALLBACK,B_KEY_MISMATCH_FIXED_BY_NORMALIZED_FALLBACK
recipe_verdantblade,verdantblade,FALSE,verdantblade,NORMALIZED:verdant_blade,RESOLVED_VIA_FALLBACK,B_KEY_MISMATCH_FIXED_BY_NORMALIZED_FALLBACK
recipe_verdantboots,verdantboots,FALSE,verdantboots,NORMALIZED:verdant_boots,RESOLVED_VIA_FALLBACK,B_KEY_MISMATCH_FIXED_BY_NORMALIZED_FALLBACK
recipe_verdantbow,verdantbow,FALSE,verdantbow,NORMALIZED:verdant_bow,RESOLVED_VIA_FALLBACK,B_KEY_MISMATCH_FIXED_BY_NORMALIZED_FALLBACK
recipe_verdantgloves,verdantgloves,FALSE,verdantgloves,NORMALIZED:verdant_gloves,RESOLVED_VIA_FALLBACK,B_KEY_MISMATCH_FIXED_BY_NORMALIZED_FALLBACK
recipe_verdanthelm,verdanthelm,FALSE,verdanthelm,NORMALIZED:verdant_helm,RESOLVED_VIA_FALLBACK,B_KEY_MISMATCH_FIXED_BY_NORMALIZED_FALLBACK
recipe_voidarmor,voidarmor,FALSE,voidarmor,NORMALIZED:void_armor,RESOLVED_VIA_FALLBACK,B_KEY_MISMATCH_FIXED_BY_NORMALIZED_FALLBACK
recipe_voidcrusher,voidcrusher,FALSE,voidcrusher,NORMALIZED:void_crusher,RESOLVED_VIA_FALLBACK,B_KEY_MISMATCH_FIXED_BY_NORMALIZED_FALLBACK
recipe_voidpendant,voidpendant,FALSE,voidpendant,NORMALIZED:void_pendant,RESOLVED_VIA_FALLBACK,B_KEY_MISMATCH_FIXED_BY_NORMALIZED_FALLBACK
recipe_voltaicshock,voltaicshock,FALSE,voltaicshock,NORMALIZED:voltaic_shock,RESOLVED_VIA_FALLBACK,B_KEY_MISMATCH_FIXED_BY_NORMALIZED_FALLBACK
recipe_wickedscepter,wickedscepter,FALSE,wickedscepter,NORMALIZED:wicked_scepter,RESOLVED_VIA_FALLBACK,B_KEY_MISMATCH_FIXED_BY_NORMALIZED_FALLBACK
recipe_wingfabric,wingfabric,FALSE,wingfabric,NORMALIZED:wing_fabric,RESOLVED_VIA_FALLBACK,B_KEY_MISMATCH_FIXED_BY_NORMALIZED_FALLBACK
recipe_winterboots,winterboots,FALSE,winterboots,NORMALIZED:winter_boots,RESOLVED_VIA_FALLBACK,B_KEY_MISMATCH_FIXED_BY_NORMALIZED_FALLBACK
recipe_wintercape,wintercape,FALSE,wintercape,NORMALIZED:winter_cape,RESOLVED_VIA_FALLBACK,B_KEY_MISMATCH_FIXED_BY_NORMALIZED_FALLBACK
recipe_wintercloth,wintercloth,TRUE,wintercloth,EXACT,RESOLVED,A_WORKING
recipe_wintergloves,wintergloves,FALSE,wintergloves,NORMALIZED:winter_gloves,RESOLVED_VIA_FALLBACK,B_KEY_MISMATCH_FIXED_BY_NORMALIZED_FALLBACK
recipe_winterhelm,winterhelm,FALSE,winterhelm,NORMALIZED:winter_helm,RESOLVED_VIA_FALLBACK,B_KEY_MISMATCH_FIXED_BY_NORMALIZED_FALLBACK
recipe_wintershield,wintershield,FALSE,wintershield,NORMALIZED:winter_shield,RESOLVED_VIA_FALLBACK,B_KEY_MISMATCH_FIXED_BY_NORMALIZED_FALLBACK
recipe_winterwoodbow,winterwoodbow,FALSE,winterwoodbow,NORMALIZED:winterwood_bow,RESOLVED_VIA_FALLBACK,B_KEY_MISMATCH_FIXED_BY_NORMALIZED_FALLBACK
recipe_winterwoodstaff,winterwoodstaff,FALSE,winterwoodstaff,NORMALIZED:winterwood_staff,RESOLVED_VIA_FALLBACK,B_KEY_MISMATCH_FIXED_BY_NORMALIZED_FALLBACK
recipe_woodenbow,woodenbow,FALSE,woodenbow,NORMALIZED:wooden_bow,RESOLVED_VIA_FALLBACK,B_KEY_MISMATCH_FIXED_BY_NORMALIZED_FALLBACK
recipe_woodenbuckler,woodenbuckler,FALSE,woodenbuckler,NORMALIZED:wooden_buckler,RESOLVED_VIA_FALLBACK,B_KEY_MISMATCH_FIXED_BY_NORMALIZED_FALLBACK
recipe_wurmscalesboots,wurmscalesboots,FALSE,wurmscalesboots,NORMALIZED:wurmscales_boots,RESOLVED_VIA_FALLBACK,B_KEY_MISMATCH_FIXED_BY_NORMALIZED_FALLBACK
recipe_wurmscalesgloves,wurmscalesgloves,FALSE,wurmscalesgloves,NORMALIZED:wurmscales_gloves,RESOLVED_VIA_FALLBACK,B_KEY_MISMATCH_FIXED_BY_NORMALIZED_FALLBACK
recipe_wurmscalesjacket,wurmscalesjacket,FALSE,wurmscalesjacket,NORMALIZED:wurmscales_jacket,RESOLVED_VIA_FALLBACK,B_KEY_MISMATCH_FIXED_BY_NORMALIZED_FALLBACK
recipe_wurmscalesshield,wurmscalesshield,FALSE,wurmscalesshield,NORMALIZED:wurmscales_shield,RESOLVED_VIA_FALLBACK,B_KEY_MISMATCH_FIXED_BY_NORMALIZED_FALLBACK
recipe_wyverncape,wyverncape,FALSE,wyverncape,NORMALIZED:wyvern_cape,RESOLVED_VIA_FALLBACK,B_KEY_MISMATCH_FIXED_BY_NORMALIZED_FALLBACK
